solid OpenSCAD_Model
  facet normal 0.49702 0.78902 0.361135
    outer loop
      vertex 48.6808 174.902 65.1951
      vertex 48.6724 174.898 65.2154
      vertex 48.6935 174.894 65.1951
    endloop
  endfacet
  facet normal -0.181443 -0.907941 0.377784
    outer loop
      vertex 45 170.869 65.5556
      vertex 44.6247 170.794 65.1951
      vertex 45 170.719 65.1951
    endloop
  endfacet
  facet normal 0.593262 0.397156 0.70022
    outer loop
      vertex 48.5879 174.788 65.5556
      vertex 48.3928 174.593 65.8315
      vertex 48.5133 174.413 65.8315
    endloop
  endfacet
  facet normal -0.195965 -0.980611 0
    outer loop
      vertex 44.6247 170.794 8.80491
      vertex 45 170.719 65.1951
      vertex 44.6247 170.794 65.1951
    endloop
  endfacet
  facet normal -0.195965 -0.980611 -0
    outer loop
      vertex 45 170.719 65.1951
      vertex 44.6247 170.794 8.80491
      vertex 45 170.719 8.80491
    endloop
  endfacet
  facet normal 0 -0.923266 0.384161
    outer loop
      vertex 45 170.719 65.1951
      vertex 48 170.869 65.5556
      vertex 45 170.869 65.5556
    endloop
  endfacet
  facet normal 0 -0.923266 0.384161
    outer loop
      vertex 48 170.869 65.5556
      vertex 45 170.719 65.1951
      vertex 48 170.719 65.1951
    endloop
  endfacet
  facet normal -0.832131 -0.55458 0
    outer loop
      vertex 44.3065 171.006 8.80491
      vertex 44.0939 171.325 65.1951
      vertex 44.0939 171.325 8.80491
    endloop
  endfacet
  facet normal -0.832131 -0.55458 0
    outer loop
      vertex 44.0939 171.325 65.1951
      vertex 44.3065 171.006 8.80491
      vertex 44.3065 171.006 65.1951
    endloop
  endfacet
  facet normal 1 -0 0
    outer loop
      vertex 48.9808 171.7 65.1951
      vertex 48.9808 174.2 63.9808
      vertex 48.9808 174.2 65.1951
    endloop
  endfacet
  facet normal 1 0 0
    outer loop
      vertex 48.9808 174.2 63.9808
      vertex 48.9808 171.7 65.1951
      vertex 48.9808 171.7 63.9808
    endloop
  endfacet
  facet normal 0.517553 0.768157 0.376927
    outer loop
      vertex 48.5879 174.788 65.5556
      vertex 48.6724 174.898 65.2154
      vertex 48.5315 174.826 65.5556
    endloop
  endfacet
  facet normal 0.509113 0.773894 0.376685
    outer loop
      vertex 48.6724 174.898 65.2154
      vertex 48.5879 174.788 65.5556
      vertex 48.6935 174.894 65.1951
    endloop
  endfacet
  facet normal 0.51414 -0.770353 0.377117
    outer loop
      vertex 48.5879 171.112 65.5556
      vertex 48.3182 170.932 65.5556
      vertex 48.6935 171.006 65.1951
    endloop
  endfacet
  facet normal 0.594054 0.396696 0.699809
    outer loop
      vertex 48.5879 174.788 65.5556
      vertex 48.5133 174.413 65.8315
      vertex 48.7682 174.518 65.5556
    endloop
  endfacet
  facet normal -0.322806 -0.216741 0.921314
    outer loop
      vertex 44.8198 171.625 65.9808
      vertex 44.6072 171.307 65.8315
      vertex 44.8621 171.562 65.9808
    endloop
  endfacet
  facet normal -0.770298 -0.514388 0.376889
    outer loop
      vertex 44.4121 171.112 65.5556
      vertex 44.2318 171.382 65.5556
      vertex 44.3065 171.006 65.1951
    endloop
  endfacet
  facet normal 0.770298 0.514388 0.376889
    outer loop
      vertex 48.6935 174.894 65.1951
      vertex 48.5879 174.788 65.5556
      vertex 48.7682 174.518 65.5556
    endloop
  endfacet
  facet normal -0.980731 -0.195362 0
    outer loop
      vertex 44.0939 171.325 8.80491
      vertex 44.0192 171.7 65.1951
      vertex 44.0192 171.7 8.80491
    endloop
  endfacet
  facet normal -0.980731 -0.195362 0
    outer loop
      vertex 44.0192 171.7 65.1951
      vertex 44.0939 171.325 8.80491
      vertex 44.0939 171.325 65.1951
    endloop
  endfacet
  facet normal 0.923901 -0 0.382631
    outer loop
      vertex 48.8315 171.7 65.5556
      vertex 48.9808 174.2 65.1951
      vertex 48.8315 174.2 65.5556
    endloop
  endfacet
  facet normal 0.923901 0 0.382631
    outer loop
      vertex 48.9808 174.2 65.1951
      vertex 48.8315 171.7 65.5556
      vertex 48.9808 171.7 65.1951
    endloop
  endfacet
  facet normal -0.513662 -0.770977 0.376491
    outer loop
      vertex 44.6818 170.932 65.5556
      vertex 44.3065 171.006 65.1951
      vertex 44.6247 170.794 65.1951
    endloop
  endfacet
  facet normal 0.700328 0.139405 0.700076
    outer loop
      vertex 48.7682 174.518 65.5556
      vertex 48.5133 174.413 65.8315
      vertex 48.8315 174.2 65.5556
    endloop
  endfacet
  facet normal 0 -0.708261 0.705951
    outer loop
      vertex 45 170.869 65.5556
      vertex 48 171.144 65.8315
      vertex 45 171.144 65.8315
    endloop
  endfacet
  facet normal 0 -0.708261 0.705951
    outer loop
      vertex 48 171.144 65.8315
      vertex 45 170.869 65.5556
      vertex 48 170.869 65.5556
    endloop
  endfacet
  facet normal 0.980774 -0.195149 0
    outer loop
      vertex 48.9808 171.7 65.1951
      vertex 48.942 171.505 63.9808
      vertex 48.9808 171.7 63.9808
    endloop
  endfacet
  facet normal 0.980731 -0.195362 3.55367e-05
    outer loop
      vertex 48.9061 171.325 65.1951
      vertex 48.942 171.505 63.9808
      vertex 48.9808 171.7 65.1951
    endloop
  endfacet
  facet normal 0.980685 -0.195592 0
    outer loop
      vertex 48.942 171.505 63.9808
      vertex 48.9061 171.325 65.1951
      vertex 48.9061 171.325 63.9061
    endloop
  endfacet
  facet normal 0.398199 0.592451 0.700314
    outer loop
      vertex 48.3748 174.746 65.7123
      vertex 48.3928 174.593 65.8315
      vertex 48.5879 174.788 65.5556
    endloop
  endfacet
  facet normal 0.397378 0.592612 0.700644
    outer loop
      vertex 48.3928 174.593 65.8315
      vertex 48.3748 174.746 65.7123
      vertex 48.2556 174.685 65.8315
    endloop
  endfacet
  facet normal 0.770298 -0.514388 0.376889
    outer loop
      vertex 48.7682 171.382 65.5556
      vertex 48.5879 171.112 65.5556
      vertex 48.6935 171.006 65.1951
    endloop
  endfacet
  facet normal 0.908641 -0.181001 0.376311
    outer loop
      vertex 48.9808 171.7 65.1951
      vertex 48.8315 171.7 65.5556
      vertex 48.9061 171.325 65.1951
    endloop
  endfacet
  facet normal 0.593262 -0.397156 0.70022
    outer loop
      vertex 48.5133 171.487 65.8315
      vertex 48.3928 171.307 65.8315
      vertex 48.5879 171.112 65.5556
    endloop
  endfacet
  facet normal 0.179936 -0.908817 0.376397
    outer loop
      vertex 48.3182 170.932 65.5556
      vertex 48 170.869 65.5556
      vertex 48.3753 170.794 65.1951
    endloop
  endfacet
  facet normal 0.181443 -0.907941 0.377784
    outer loop
      vertex 48 170.869 65.5556
      vertex 48 170.719 65.1951
      vertex 48.3753 170.794 65.1951
    endloop
  endfacet
  facet normal -0.593262 -0.397156 0.70022
    outer loop
      vertex 44.4867 171.487 65.8315
      vertex 44.4121 171.112 65.5556
      vertex 44.6072 171.307 65.8315
    endloop
  endfacet
  facet normal -0.554459 -0.832211 0
    outer loop
      vertex 44.3065 171.006 8.80491
      vertex 44.6247 170.794 65.1951
      vertex 44.3065 171.006 65.1951
    endloop
  endfacet
  facet normal -0.554459 -0.832211 -0
    outer loop
      vertex 44.6247 170.794 65.1951
      vertex 44.3065 171.006 8.80491
      vertex 44.6247 170.794 8.80491
    endloop
  endfacet
  facet normal -0.908641 -0.181001 0.376311
    outer loop
      vertex 44.1685 171.7 65.5556
      vertex 44.0192 171.7 65.1951
      vertex 44.0939 171.325 65.1951
    endloop
  endfacet
  facet normal 0.398647 0.591676 0.700715
    outer loop
      vertex 48.5315 174.826 65.5556
      vertex 48.3748 174.746 65.7123
      vertex 48.5879 174.788 65.5556
    endloop
  endfacet
  facet normal 0.396235 -0.593692 0.700377
    outer loop
      vertex 48.5879 171.112 65.5556
      vertex 48.2126 171.187 65.8315
      vertex 48.3182 170.932 65.5556
    endloop
  endfacet
  facet normal 0.395825 -0.594397 0.70001
    outer loop
      vertex 48.3928 171.307 65.8315
      vertex 48.2126 171.187 65.8315
      vertex 48.5879 171.112 65.5556
    endloop
  endfacet
  facet normal 0.0765733 -0.381335 0.92126
    outer loop
      vertex 48.0747 171.52 65.9808
      vertex 48 171.505 65.9808
      vertex 48.2126 171.187 65.8315
    endloop
  endfacet
  facet normal 0.908641 0.181001 0.376311
    outer loop
      vertex 48.9061 174.575 65.1951
      vertex 48.8315 174.2 65.5556
      vertex 48.9808 174.2 65.1951
    endloop
  endfacet
  facet normal 0.832131 -0.55458 0
    outer loop
      vertex 48.6935 171.006 65.1951
      vertex 48.9061 171.325 63.9061
      vertex 48.9061 171.325 65.1951
    endloop
  endfacet
  facet normal 0.832571 -0.553918 0.000236391
    outer loop
      vertex 48.9061 171.325 63.9061
      vertex 48.6935 171.006 65.1951
      vertex 48.7857 171.144 63.8315
    endloop
  endfacet
  facet normal 0.831494 -0.555534 0
    outer loop
      vertex 48.7857 171.144 63.8315
      vertex 48.6935 171.006 65.1951
      vertex 48.6935 171.006 63.6935
    endloop
  endfacet
  facet normal 0.594054 -0.396696 0.699809
    outer loop
      vertex 48.7682 171.382 65.5556
      vertex 48.5133 171.487 65.8315
      vertex 48.5879 171.112 65.5556
    endloop
  endfacet
  facet normal 0.554459 -0.832211 0
    outer loop
      vertex 48.3753 170.794 65.1951
      vertex 48.6935 171.006 63.6935
      vertex 48.6935 171.006 65.1951
    endloop
  endfacet
  facet normal 0.553201 -0.833048 -0.000384726
    outer loop
      vertex 48.3753 170.794 65.1951
      vertex 48.4871 170.869 63.5556
      vertex 48.6935 171.006 63.6935
    endloop
  endfacet
  facet normal 0.557098 -0.830447 0
    outer loop
      vertex 48.4871 170.869 63.5556
      vertex 48.3753 170.794 65.1951
      vertex 48.3753 170.794 63.3753
    endloop
  endfacet
  facet normal 0.513662 -0.770977 0.376491
    outer loop
      vertex 48.6935 171.006 65.1951
      vertex 48.3182 170.932 65.5556
      vertex 48.3753 170.794 65.1951
    endloop
  endfacet
  facet normal -0.141804 -0.701104 0.698817
    outer loop
      vertex 45 171.144 65.8315
      vertex 44.7874 171.187 65.8315
      vertex 45 170.869 65.5556
    endloop
  endfacet
  facet normal -0.700236 -0.139061 0.700236
    outer loop
      vertex 44.4444 171.7 65.8315
      vertex 44.1685 171.7 65.5556
      vertex 44.4867 171.487 65.8315
    endloop
  endfacet
  facet normal -0.51414 -0.770353 0.377117
    outer loop
      vertex 44.4121 171.112 65.5556
      vertex 44.3065 171.006 65.1951
      vertex 44.6818 170.932 65.5556
    endloop
  endfacet
  facet normal 0 -1 0
    outer loop
      vertex 45 170.719 65.1951
      vertex 48 170.719 63.1951
      vertex 48 170.719 65.1951
    endloop
  endfacet
  facet normal 0 -1 0
    outer loop
      vertex 48 170.719 63.1951
      vertex 53 170.719 15.1951
      vertex 53 170.719 63.1951
    endloop
  endfacet
  facet normal 0 -1 0
    outer loop
      vertex 45 170.719 8.80491
      vertex 48 170.719 63.1951
      vertex 45 170.719 65.1951
    endloop
  endfacet
  facet normal 0 -1 -0
    outer loop
      vertex 53 170.719 15.1951
      vertex 45 170.719 8.80491
      vertex 194 170.719 15.1951
    endloop
  endfacet
  facet normal 0 -1 -0
    outer loop
      vertex 48 170.719 63.1951
      vertex 45 170.719 8.80491
      vertex 53 170.719 15.1951
    endloop
  endfacet
  facet normal 0 -1 0
    outer loop
      vertex 194 170.719 63.1951
      vertex 194 170.719 15.1951
      vertex 199 170.719 63.1951
    endloop
  endfacet
  facet normal 0 -1 0
    outer loop
      vertex 199 170.719 63.1951
      vertex 202 170.719 65.1951
      vertex 199 170.719 65.1951
    endloop
  endfacet
  facet normal 0 -1 0
    outer loop
      vertex 202 170.719 8.80491
      vertex 199 170.719 63.1951
      vertex 194 170.719 15.1951
    endloop
  endfacet
  facet normal 0 -1 0
    outer loop
      vertex 199 170.719 63.1951
      vertex 202 170.719 8.80491
      vertex 202 170.719 65.1951
    endloop
  endfacet
  facet normal 0 -1 0
    outer loop
      vertex 202 170.719 8.80491
      vertex 194 170.719 15.1951
      vertex 45 170.719 8.80491
    endloop
  endfacet
  facet normal 0 0.38274 0.923856
    outer loop
      vertex 48 174.5 65.9373
      vertex 47.8951 174.395 65.9808
      vertex 48 174.395 65.9808
    endloop
  endfacet
  facet normal 0.831494 0.555534 0
    outer loop
      vertex 48.6935 174.894 65.1951
      vertex 48.7857 174.756 63.8315
      vertex 48.6935 174.894 63.6935
    endloop
  endfacet
  facet normal 0.832131 0.55458 -0
    outer loop
      vertex 48.9061 174.575 63.9061
      vertex 48.6935 174.894 65.1951
      vertex 48.9061 174.575 65.1951
    endloop
  endfacet
  facet normal 0.832571 0.553918 0.000236391
    outer loop
      vertex 48.6935 174.894 65.1951
      vertex 48.9061 174.575 63.9061
      vertex 48.7857 174.756 63.8315
    endloop
  endfacet
  facet normal 0.980685 0.195592 0
    outer loop
      vertex 48.9061 174.575 65.1951
      vertex 48.942 174.395 63.9808
      vertex 48.9061 174.575 63.9061
    endloop
  endfacet
  facet normal 0.980731 0.195362 3.55367e-05
    outer loop
      vertex 48.9808 174.2 65.1951
      vertex 48.942 174.395 63.9808
      vertex 48.9061 174.575 65.1951
    endloop
  endfacet
  facet normal 0.980774 0.195149 0
    outer loop
      vertex 48.942 174.395 63.9808
      vertex 48.9808 174.2 65.1951
      vertex 48.9808 174.2 63.9808
    endloop
  endfacet
  facet normal -0.908709 -0.180884 0.376204
    outer loop
      vertex 44.1685 171.7 65.5556
      vertex 44.0939 171.325 65.1951
      vertex 44.2318 171.382 65.5556
    endloop
  endfacet
  facet normal 0.908709 0.180884 0.376204
    outer loop
      vertex 48.9061 174.575 65.1951
      vertex 48.7682 174.518 65.5556
      vertex 48.8315 174.2 65.5556
    endloop
  endfacet
  facet normal 0.771009 0.513845 0.376176
    outer loop
      vertex 48.9061 174.575 65.1951
      vertex 48.6935 174.894 65.1951
      vertex 48.7682 174.518 65.5556
    endloop
  endfacet
  facet normal 0.381516 0.0757945 0.92125
    outer loop
      vertex 48.5133 174.413 65.8315
      vertex 48.1802 174.275 65.9808
      vertex 48.1951 174.2 65.9808
    endloop
  endfacet
  facet normal 0.215419 0.321256 0.922166
    outer loop
      vertex 48.186 174.649 65.8603
      vertex 48.3928 174.593 65.8315
      vertex 48.2556 174.685 65.8315
    endloop
  endfacet
  facet normal 0.215878 0.323387 0.921313
    outer loop
      vertex 48.3928 174.593 65.8315
      vertex 48.186 174.649 65.8603
      vertex 48.0747 174.38 65.9808
    endloop
  endfacet
  facet normal 0.771009 -0.513845 0.376176
    outer loop
      vertex 48.7682 171.382 65.5556
      vertex 48.6935 171.006 65.1951
      vertex 48.9061 171.325 65.1951
    endloop
  endfacet
  facet normal 0.707107 0 0.707107
    outer loop
      vertex 48.5556 174.2 65.8315
      vertex 48.8315 171.7 65.5556
      vertex 48.8315 174.2 65.5556
    endloop
  endfacet
  facet normal 0.707107 0 0.707107
    outer loop
      vertex 48.8315 171.7 65.5556
      vertex 48.5556 174.2 65.8315
      vertex 48.5556 171.7 65.8315
    endloop
  endfacet
  facet normal 0.700236 -0.139061 0.700236
    outer loop
      vertex 48.5556 171.7 65.8315
      vertex 48.5133 171.487 65.8315
      vertex 48.8315 171.7 65.5556
    endloop
  endfacet
  facet normal 0.141804 -0.701104 0.698817
    outer loop
      vertex 48 171.144 65.8315
      vertex 48 170.869 65.5556
      vertex 48.2126 171.187 65.8315
    endloop
  endfacet
  facet normal 0.138645 -0.700268 0.700287
    outer loop
      vertex 48.2126 171.187 65.8315
      vertex 48 170.869 65.5556
      vertex 48.3182 170.932 65.5556
    endloop
  endfacet
  facet normal -0.215363 -0.324071 0.921193
    outer loop
      vertex 44.8621 171.562 65.9808
      vertex 44.6072 171.307 65.8315
      vertex 44.9253 171.52 65.9808
    endloop
  endfacet
  facet normal -0.923901 0 0.382631
    outer loop
      vertex 44.0192 171.7 65.1951
      vertex 44.1685 194.2 65.5556
      vertex 44.0192 194.2 65.1951
    endloop
  endfacet
  facet normal -0.923901 0 0.382631
    outer loop
      vertex 44.1685 194.2 65.5556
      vertex 44.0192 171.7 65.1951
      vertex 44.1685 171.7 65.5556
    endloop
  endfacet
  facet normal -0.323257 -0.216403 0.921235
    outer loop
      vertex 44.8198 171.625 65.9808
      vertex 44.4867 171.487 65.8315
      vertex 44.6072 171.307 65.8315
    endloop
  endfacet
  facet normal -0.771009 -0.513845 0.376176
    outer loop
      vertex 44.2318 171.382 65.5556
      vertex 44.0939 171.325 65.1951
      vertex 44.3065 171.006 65.1951
    endloop
  endfacet
  facet normal -1 0 0
    outer loop
      vertex 44.0192 194.2 4.98078
      vertex 44.0192 189.2 17.6951
      vertex 44.0192 194.2 65.1951
    endloop
  endfacet
  facet normal -1 0 0
    outer loop
      vertex 44.0192 176.7 8.80491
      vertex 44.0192 189.2 17.6951
      vertex 44.0192 194.2 4.98078
    endloop
  endfacet
  facet normal -1 -0 0
    outer loop
      vertex 44.0192 189.2 17.6951
      vertex 44.0192 176.7 8.80491
      vertex 44.0192 179.2 17.6951
    endloop
  endfacet
  facet normal -1 0 0
    outer loop
      vertex 44.0192 176.7 8.80491
      vertex 44.0192 194.2 4.98078
      vertex 44.0192 176.7 4.98078
    endloop
  endfacet
  facet normal -1 0 0
    outer loop
      vertex 44.0192 189.2 52.3049
      vertex 44.0192 194.2 65.1951
      vertex 44.0192 189.2 17.6951
    endloop
  endfacet
  facet normal -1 0 0
    outer loop
      vertex 44.0192 179.2 52.3049
      vertex 44.0192 194.2 65.1951
      vertex 44.0192 189.2 52.3049
    endloop
  endfacet
  facet normal -1 0 0
    outer loop
      vertex 44.0192 171.7 8.80491
      vertex 44.0192 179.2 17.6951
      vertex 44.0192 176.7 8.80491
    endloop
  endfacet
  facet normal -1 -0 0
    outer loop
      vertex 44.0192 179.2 17.6951
      vertex 44.0192 171.7 8.80491
      vertex 44.0192 179.2 52.3049
    endloop
  endfacet
  facet normal -1 0 0
    outer loop
      vertex 44.0192 179.2 52.3049
      vertex 44.0192 171.7 65.1951
      vertex 44.0192 194.2 65.1951
    endloop
  endfacet
  facet normal -1 0 0
    outer loop
      vertex 44.0192 171.7 65.1951
      vertex 44.0192 179.2 52.3049
      vertex 44.0192 171.7 8.80491
    endloop
  endfacet
  facet normal -0.382631 0 0.923901
    outer loop
      vertex 44.4444 194.2 65.8315
      vertex 44.8049 171.7 65.9808
      vertex 44.8049 194.2 65.9808
    endloop
  endfacet
  facet normal -0.382631 0 0.923901
    outer loop
      vertex 44.8049 171.7 65.9808
      vertex 44.4444 194.2 65.8315
      vertex 44.4444 171.7 65.8315
    endloop
  endfacet
  facet normal 0.195965 -0.980611 0
    outer loop
      vertex 48 170.719 65.1951
      vertex 48.3753 170.794 63.3753
      vertex 48.3753 170.794 65.1951
    endloop
  endfacet
  facet normal 0.195965 -0.980611 0
    outer loop
      vertex 48.3753 170.794 63.3753
      vertex 48 170.719 65.1951
      vertex 48 170.719 63.1951
    endloop
  endfacet
  facet normal 0.0755751 0.381646 0.921214
    outer loop
      vertex 48 174.5 65.9373
      vertex 48 174.395 65.9808
      vertex 48.1508 174.621 65.8748
    endloop
  endfacet
  facet normal 0.0770687 -0.381042 0.92134
    outer loop
      vertex 48 171.505 65.9808
      vertex 48 171.144 65.8315
      vertex 48.2126 171.187 65.8315
    endloop
  endfacet
  facet normal 0.215599 -0.323758 0.921248
    outer loop
      vertex 48.3928 171.307 65.8315
      vertex 48.0747 171.52 65.9808
      vertex 48.2126 171.187 65.8315
    endloop
  endfacet
  facet normal 0.700236 0.139061 0.700236
    outer loop
      vertex 48.8315 174.2 65.5556
      vertex 48.5133 174.413 65.8315
      vertex 48.5556 174.2 65.8315
    endloop
  endfacet
  facet normal 0.215363 0.324071 0.921193
    outer loop
      vertex 48.3928 174.593 65.8315
      vertex 48.0747 174.38 65.9808
      vertex 48.1379 174.338 65.9808
    endloop
  endfacet
  facet normal 0.382631 0 0.923901
    outer loop
      vertex 48.1951 174.2 65.9808
      vertex 48.5556 171.7 65.8315
      vertex 48.5556 174.2 65.8315
    endloop
  endfacet
  facet normal 0.382631 0 0.923901
    outer loop
      vertex 48.5556 171.7 65.8315
      vertex 48.1951 174.2 65.9808
      vertex 48.1951 171.7 65.9808
    endloop
  endfacet
  facet normal 0.381531 0.0757688 0.921245
    outer loop
      vertex 48.5133 174.413 65.8315
      vertex 48.1951 174.2 65.9808
      vertex 48.5556 174.2 65.8315
    endloop
  endfacet
  facet normal 0.381531 -0.0757688 0.921245
    outer loop
      vertex 48.5556 171.7 65.8315
      vertex 48.1951 171.7 65.9808
      vertex 48.5133 171.487 65.8315
    endloop
  endfacet
  facet normal 0.381516 -0.0757945 0.92125
    outer loop
      vertex 48.1951 171.7 65.9808
      vertex 48.1802 171.625 65.9808
      vertex 48.5133 171.487 65.8315
    endloop
  endfacet
  facet normal 0.908709 -0.180884 0.376204
    outer loop
      vertex 48.8315 171.7 65.5556
      vertex 48.7682 171.382 65.5556
      vertex 48.9061 171.325 65.1951
    endloop
  endfacet
  facet normal 0.700328 -0.139405 0.700076
    outer loop
      vertex 48.8315 171.7 65.5556
      vertex 48.5133 171.487 65.8315
      vertex 48.7682 171.382 65.5556
    endloop
  endfacet
  facet normal -0.179936 -0.908817 0.376397
    outer loop
      vertex 44.6818 170.932 65.5556
      vertex 44.6247 170.794 65.1951
      vertex 45 170.869 65.5556
    endloop
  endfacet
  facet normal -0.395825 -0.594397 0.70001
    outer loop
      vertex 44.6072 171.307 65.8315
      vertex 44.4121 171.112 65.5556
      vertex 44.7874 171.187 65.8315
    endloop
  endfacet
  facet normal -0.0770687 -0.381042 0.92134
    outer loop
      vertex 45 171.505 65.9808
      vertex 44.7874 171.187 65.8315
      vertex 45 171.144 65.8315
    endloop
  endfacet
  facet normal 0 -0.382178 0.924089
    outer loop
      vertex 45 171.505 65.9808
      vertex 48 171.144 65.8315
      vertex 48 171.505 65.9808
    endloop
  endfacet
  facet normal 0 -0.382178 0.924089
    outer loop
      vertex 48 171.144 65.8315
      vertex 45 171.505 65.9808
      vertex 45 171.144 65.8315
    endloop
  endfacet
  facet normal -0.700328 -0.139405 0.700076
    outer loop
      vertex 44.4867 171.487 65.8315
      vertex 44.1685 171.7 65.5556
      vertex 44.2318 171.382 65.5556
    endloop
  endfacet
  facet normal -0.594054 -0.396696 0.699809
    outer loop
      vertex 44.4867 171.487 65.8315
      vertex 44.2318 171.382 65.5556
      vertex 44.4121 171.112 65.5556
    endloop
  endfacet
  facet normal 0.0763643 0.381133 0.921361
    outer loop
      vertex 48.1508 174.621 65.8748
      vertex 48.0747 174.38 65.9808
      vertex 48.186 174.649 65.8603
    endloop
  endfacet
  facet normal 0.0765231 0.381085 0.921368
    outer loop
      vertex 48.0747 174.38 65.9808
      vertex 48.1508 174.621 65.8748
      vertex 48 174.395 65.9808
    endloop
  endfacet
  facet normal 0.53299 0.846122 -0
    outer loop
      vertex 48.6935 174.894 63.6935
      vertex 48.6808 174.902 65.1951
      vertex 48.6935 174.894 65.1951
    endloop
  endfacet
  facet normal 0.53299 0.846122 0
    outer loop
      vertex 48.6808 174.902 65.1951
      vertex 48.6935 174.894 63.6935
      vertex 48.6808 174.902 63.685
    endloop
  endfacet
  facet normal -0.707107 0 0.707107
    outer loop
      vertex 44.1685 194.2 65.5556
      vertex 44.4444 171.7 65.8315
      vertex 44.4444 194.2 65.8315
    endloop
  endfacet
  facet normal -0.707107 0 0.707107
    outer loop
      vertex 44.4444 171.7 65.8315
      vertex 44.1685 194.2 65.5556
      vertex 44.1685 171.7 65.5556
    endloop
  endfacet
  facet normal 0.322806 0.216741 0.921314
    outer loop
      vertex 48.3928 174.593 65.8315
      vertex 48.1379 174.338 65.9808
      vertex 48.1802 174.275 65.9808
    endloop
  endfacet
  facet normal 0.323257 0.216403 0.921235
    outer loop
      vertex 48.3928 174.593 65.8315
      vertex 48.1802 174.275 65.9808
      vertex 48.5133 174.413 65.8315
    endloop
  endfacet
  facet normal -0.138645 -0.700268 0.700287
    outer loop
      vertex 44.7874 171.187 65.8315
      vertex 44.6818 170.932 65.5556
      vertex 45 170.869 65.5556
    endloop
  endfacet
  facet normal -0.396235 -0.593692 0.700377
    outer loop
      vertex 44.7874 171.187 65.8315
      vertex 44.4121 171.112 65.5556
      vertex 44.6818 170.932 65.5556
    endloop
  endfacet
  facet normal -0.215599 -0.323758 0.921248
    outer loop
      vertex 44.9253 171.52 65.9808
      vertex 44.6072 171.307 65.8315
      vertex 44.7874 171.187 65.8315
    endloop
  endfacet
  facet normal -0.0765733 -0.381335 0.92126
    outer loop
      vertex 44.9253 171.52 65.9808
      vertex 44.7874 171.187 65.8315
      vertex 45 171.505 65.9808
    endloop
  endfacet
  facet normal -0.381516 -0.0757945 0.92125
    outer loop
      vertex 44.8049 171.7 65.9808
      vertex 44.4867 171.487 65.8315
      vertex 44.8198 171.625 65.9808
    endloop
  endfacet
  facet normal 0 0 1
    outer loop
      vertex 47.7 194.395 65.9808
      vertex 47.8951 194.2 65.9808
      vertex 47.8802 194.275 65.9808
    endloop
  endfacet
  facet normal 0 0 1
    outer loop
      vertex 48 174.395 65.9808
      vertex 48.1951 174.2 65.9808
      vertex 48.1802 174.275 65.9808
    endloop
  endfacet
  facet normal 0 0 1
    outer loop
      vertex 48.1951 174.2 65.9808
      vertex 47.8951 174.395 65.9808
      vertex 48.1951 171.7 65.9808
    endloop
  endfacet
  facet normal 0 0 1
    outer loop
      vertex 48 174.395 65.9808
      vertex 48.1802 174.275 65.9808
      vertex 48.1379 174.338 65.9808
    endloop
  endfacet
  facet normal 0 -0 1
    outer loop
      vertex 48 171.505 65.9808
      vertex 48.1951 171.7 65.9808
      vertex 47.8951 174.395 65.9808
    endloop
  endfacet
  facet normal 0 0 1
    outer loop
      vertex 48 174.395 65.9808
      vertex 48.1379 174.338 65.9808
      vertex 48.0747 174.38 65.9808
    endloop
  endfacet
  facet normal 0 0 1
    outer loop
      vertex 48.1951 171.7 65.9808
      vertex 48 171.505 65.9808
      vertex 48.1802 171.625 65.9808
    endloop
  endfacet
  facet normal 0 0 1
    outer loop
      vertex 48.1951 174.2 65.9808
      vertex 48 174.395 65.9808
      vertex 47.8951 174.395 65.9808
    endloop
  endfacet
  facet normal 0 0 1
    outer loop
      vertex 48.1802 171.625 65.9808
      vertex 48 171.505 65.9808
      vertex 48.1379 171.562 65.9808
    endloop
  endfacet
  facet normal 0 0 1
    outer loop
      vertex 48.1379 171.562 65.9808
      vertex 48 171.505 65.9808
      vertex 48.0747 171.52 65.9808
    endloop
  endfacet
  facet normal 0 0 1
    outer loop
      vertex 47.7 194.395 65.9808
      vertex 47.8802 194.275 65.9808
      vertex 47.8379 194.338 65.9808
    endloop
  endfacet
  facet normal 0 0 1
    outer loop
      vertex 47.7 194.395 65.9808
      vertex 47.8379 194.338 65.9808
      vertex 47.7747 194.38 65.9808
    endloop
  endfacet
  facet normal 0 0 1
    outer loop
      vertex 47.8951 194.2 65.9808
      vertex 47.7 194.395 65.9808
      vertex 44.8049 194.2 65.9808
    endloop
  endfacet
  facet normal 0 0 1
    outer loop
      vertex 44.8049 194.2 65.9808
      vertex 47.7 194.395 65.9808
      vertex 45 194.395 65.9808
    endloop
  endfacet
  facet normal 0 0 1
    outer loop
      vertex 47.8951 194.2 65.9808
      vertex 44.8049 194.2 65.9808
      vertex 47.8951 174.395 65.9808
    endloop
  endfacet
  facet normal 0 0 1
    outer loop
      vertex 44.8049 171.7 65.9808
      vertex 47.8951 174.395 65.9808
      vertex 44.8049 194.2 65.9808
    endloop
  endfacet
  facet normal 0 0 1
    outer loop
      vertex 44.8049 194.2 65.9808
      vertex 45 194.395 65.9808
      vertex 44.9253 194.38 65.9808
    endloop
  endfacet
  facet normal 0 -0 1
    outer loop
      vertex 45 171.505 65.9808
      vertex 47.8951 174.395 65.9808
      vertex 44.8049 171.7 65.9808
    endloop
  endfacet
  facet normal 0 0 1
    outer loop
      vertex 44.8049 194.2 65.9808
      vertex 44.9253 194.38 65.9808
      vertex 44.8621 194.338 65.9808
    endloop
  endfacet
  facet normal 0 0 1
    outer loop
      vertex 47.8951 174.395 65.9808
      vertex 45 171.505 65.9808
      vertex 48 171.505 65.9808
    endloop
  endfacet
  facet normal 0 0 1
    outer loop
      vertex 44.8049 194.2 65.9808
      vertex 44.8621 194.338 65.9808
      vertex 44.8198 194.275 65.9808
    endloop
  endfacet
  facet normal 0 0 1
    outer loop
      vertex 45 171.505 65.9808
      vertex 44.8049 171.7 65.9808
      vertex 44.9253 171.52 65.9808
    endloop
  endfacet
  facet normal 0 0 1
    outer loop
      vertex 44.9253 171.52 65.9808
      vertex 44.8049 171.7 65.9808
      vertex 44.8621 171.562 65.9808
    endloop
  endfacet
  facet normal 0 0 1
    outer loop
      vertex 44.8621 171.562 65.9808
      vertex 44.8049 171.7 65.9808
      vertex 44.8198 171.625 65.9808
    endloop
  endfacet
  facet normal 0.215363 -0.324071 0.921193
    outer loop
      vertex 48.1379 171.562 65.9808
      vertex 48.0747 171.52 65.9808
      vertex 48.3928 171.307 65.8315
    endloop
  endfacet
  facet normal 0.322806 -0.216741 0.921314
    outer loop
      vertex 48.1802 171.625 65.9808
      vertex 48.1379 171.562 65.9808
      vertex 48.3928 171.307 65.8315
    endloop
  endfacet
  facet normal 0.323257 -0.216403 0.921235
    outer loop
      vertex 48.5133 171.487 65.8315
      vertex 48.1802 171.625 65.9808
      vertex 48.3928 171.307 65.8315
    endloop
  endfacet
  facet normal -0.381531 -0.0757688 0.921245
    outer loop
      vertex 44.8049 171.7 65.9808
      vertex 44.4444 171.7 65.8315
      vertex 44.4867 171.487 65.8315
    endloop
  endfacet
  facet normal -0.51414 0.770353 0.377117
    outer loop
      vertex 44.6818 194.968 65.5556
      vertex 44.3065 194.894 65.1951
      vertex 44.4121 194.788 65.5556
    endloop
  endfacet
  facet normal -0.554459 0.832211 0
    outer loop
      vertex 44.6247 195.106 4.98078
      vertex 44.3065 194.894 65.1951
      vertex 44.6247 195.106 65.1951
    endloop
  endfacet
  facet normal -0.554459 0.832211 0
    outer loop
      vertex 44.3065 194.894 65.1951
      vertex 44.6247 195.106 4.98078
      vertex 44.3065 194.894 4.98078
    endloop
  endfacet
  facet normal -0.980731 -0.195362 0
    outer loop
      vertex 44.0939 188.825 17.8753
      vertex 44.0192 189.2 52.3049
      vertex 44.0192 189.2 17.6951
    endloop
  endfacet
  facet normal -0.980731 -0.195362 0
    outer loop
      vertex 44.0192 189.2 52.3049
      vertex 44.0939 188.825 17.8753
      vertex 44.0939 188.825 52.1247
    endloop
  endfacet
  facet normal 0.832279 -0.554357 0
    outer loop
      vertex 48.5315 188.713 51.9444
      vertex 48.6061 188.825 17.8753
      vertex 48.6061 188.825 52.1247
    endloop
  endfacet
  facet normal 0.832279 -0.554357 0
    outer loop
      vertex 48.5315 188.713 51.9444
      vertex 48.5315 188.713 18.0556
      vertex 48.6061 188.825 17.8753
    endloop
  endfacet
  facet normal 0.83205 -0.5547 0
    outer loop
      vertex 48.3935 188.506 51.8065
      vertex 48.5315 188.713 18.0556
      vertex 48.5315 188.713 51.9444
    endloop
  endfacet
  facet normal 0.83205 -0.5547 0
    outer loop
      vertex 48.5315 188.713 18.0556
      vertex 48.3935 188.506 51.8065
      vertex 48.3935 188.506 18.1935
    endloop
  endfacet
  facet normal -0.771009 0.513845 0.376176
    outer loop
      vertex 44.3065 194.894 65.1951
      vertex 44.0939 194.575 65.1951
      vertex 44.2318 194.518 65.5556
    endloop
  endfacet
  facet normal -0 0.382178 0.924089
    outer loop
      vertex 45 194.756 65.8315
      vertex 47.7 194.395 65.9808
      vertex 47.7 194.756 65.8315
    endloop
  endfacet
  facet normal 0 0.382178 0.924089
    outer loop
      vertex 47.7 194.395 65.9808
      vertex 45 194.756 65.8315
      vertex 45 194.395 65.9808
    endloop
  endfacet
  facet normal 0.181443 0.907941 0.377784
    outer loop
      vertex 47.7 195.181 65.1951
      vertex 47.7 195.031 65.5556
      vertex 48.0753 195.106 65.1951
    endloop
  endfacet
  facet normal -0.195965 0.980611 0
    outer loop
      vertex 45 195.181 4.98078
      vertex 44.6247 195.106 65.1951
      vertex 45 195.181 65.1951
    endloop
  endfacet
  facet normal -0.195965 0.980611 0
    outer loop
      vertex 44.6247 195.106 65.1951
      vertex 45 195.181 4.98078
      vertex 44.6247 195.106 4.98078
    endloop
  endfacet
  facet normal 0.195965 0.980611 -0
    outer loop
      vertex 48.0753 195.106 10.3753
      vertex 47.7 195.181 65.1951
      vertex 48.0753 195.106 65.1951
    endloop
  endfacet
  facet normal 0.195965 0.980611 0
    outer loop
      vertex 47.7 195.181 65.1951
      vertex 48.0753 195.106 10.3753
      vertex 47.7 195.181 10.1951
    endloop
  endfacet
  facet normal -0.215363 0.324071 0.921193
    outer loop
      vertex 44.9253 194.38 65.9808
      vertex 44.6072 194.593 65.8315
      vertex 44.8621 194.338 65.9808
    endloop
  endfacet
  facet normal -0.832131 0.55458 0
    outer loop
      vertex 44.0939 194.575 4.98078
      vertex 44.3065 194.894 65.1951
      vertex 44.3065 194.894 4.98078
    endloop
  endfacet
  facet normal -0.832131 0.55458 0
    outer loop
      vertex 44.3065 194.894 65.1951
      vertex 44.0939 194.575 4.98078
      vertex 44.0939 194.575 65.1951
    endloop
  endfacet
  facet normal 0.554061 -0.832476 0
    outer loop
      vertex 48.0753 188.294 18.4061
      vertex 48.2556 188.414 51.6685
      vertex 48.0753 188.294 51.5939
    endloop
  endfacet
  facet normal 0.554061 -0.832476 0
    outer loop
      vertex 48.2556 188.414 18.3315
      vertex 48.2556 188.414 51.6685
      vertex 48.0753 188.294 18.4061
    endloop
  endfacet
  facet normal 0.554979 -0.831865 0
    outer loop
      vertex 48.2556 188.414 51.6685
      vertex 48.2556 188.414 18.3315
      vertex 48.3935 188.506 51.8065
    endloop
  endfacet
  facet normal 0.554979 -0.831865 0
    outer loop
      vertex 48.3935 188.506 51.8065
      vertex 48.2556 188.414 18.3315
      vertex 48.3935 188.506 18.1935
    endloop
  endfacet
  facet normal -0.322806 0.216741 0.921314
    outer loop
      vertex 44.8621 194.338 65.9808
      vertex 44.6072 194.593 65.8315
      vertex 44.8198 194.275 65.9808
    endloop
  endfacet
  facet normal -0.908709 0.180884 0.376204
    outer loop
      vertex 44.2318 194.518 65.5556
      vertex 44.0939 194.575 65.1951
      vertex 44.1685 194.2 65.5556
    endloop
  endfacet
  facet normal -0.980731 0.195362 0
    outer loop
      vertex 44.0192 194.2 4.98078
      vertex 44.0939 194.575 65.1951
      vertex 44.0939 194.575 4.98078
    endloop
  endfacet
  facet normal -0.980731 0.195362 0
    outer loop
      vertex 44.0939 194.575 65.1951
      vertex 44.0192 194.2 4.98078
      vertex 44.0192 194.2 65.1951
    endloop
  endfacet
  facet normal -0.908641 0.181001 0.376311
    outer loop
      vertex 44.0939 194.575 65.1951
      vertex 44.0192 194.2 65.1951
      vertex 44.1685 194.2 65.5556
    endloop
  endfacet
  facet normal -0.0770687 0.381042 0.92134
    outer loop
      vertex 45 194.756 65.8315
      vertex 44.7874 194.713 65.8315
      vertex 45 194.395 65.9808
    endloop
  endfacet
  facet normal 0 -1 0
    outer loop
      vertex 45 188.219 18.4808
      vertex 47.7 188.219 51.5192
      vertex 45 188.219 51.5192
    endloop
  endfacet
  facet normal 0 -1 -0
    outer loop
      vertex 47.7 188.219 51.5192
      vertex 45 188.219 18.4808
      vertex 47.7 188.219 18.4808
    endloop
  endfacet
  facet normal -0.554061 -0.832476 0
    outer loop
      vertex 44.4444 188.414 51.6685
      vertex 44.6247 188.294 18.4061
      vertex 44.6247 188.294 51.5939
    endloop
  endfacet
  facet normal -0.554979 -0.831865 0
    outer loop
      vertex 44.4444 188.414 18.3315
      vertex 44.4444 188.414 51.6685
      vertex 44.3065 188.506 51.8065
    endloop
  endfacet
  facet normal -0.554061 -0.832476 -0
    outer loop
      vertex 44.4444 188.414 51.6685
      vertex 44.4444 188.414 18.3315
      vertex 44.6247 188.294 18.4061
    endloop
  endfacet
  facet normal -0.554979 -0.831865 0
    outer loop
      vertex 44.4444 188.414 18.3315
      vertex 44.3065 188.506 51.8065
      vertex 44.3065 188.506 18.1935
    endloop
  endfacet
  facet normal 0.141804 0.701104 0.698817
    outer loop
      vertex 47.7 195.031 65.5556
      vertex 47.7 194.756 65.8315
      vertex 47.9126 194.713 65.8315
    endloop
  endfacet
  facet normal -0.396235 0.593692 0.700377
    outer loop
      vertex 44.6818 194.968 65.5556
      vertex 44.4121 194.788 65.5556
      vertex 44.7874 194.713 65.8315
    endloop
  endfacet
  facet normal -0.215599 0.323758 0.921248
    outer loop
      vertex 44.7874 194.713 65.8315
      vertex 44.6072 194.593 65.8315
      vertex 44.9253 194.38 65.9808
    endloop
  endfacet
  facet normal 0.323257 0.216403 0.921235
    outer loop
      vertex 48.0928 194.593 65.8315
      vertex 47.8802 194.275 65.9808
      vertex 48.2133 194.413 65.8315
    endloop
  endfacet
  facet normal -0.181443 0.907941 0.377784
    outer loop
      vertex 45 195.181 65.1951
      vertex 44.6247 195.106 65.1951
      vertex 45 195.031 65.5556
    endloop
  endfacet
  facet normal 0.554459 0.832211 -0
    outer loop
      vertex 48.3935 194.894 10.6935
      vertex 48.0753 195.106 65.1951
      vertex 48.3935 194.894 65.1951
    endloop
  endfacet
  facet normal 0.553028 0.833163 -1.20551e-05
    outer loop
      vertex 48.1871 195.031 10.5556
      vertex 48.0753 195.106 65.1951
      vertex 48.3935 194.894 10.6935
    endloop
  endfacet
  facet normal 0.557098 0.830447 0
    outer loop
      vertex 48.0753 195.106 65.1951
      vertex 48.1871 195.031 10.5556
      vertex 48.0753 195.106 10.3753
    endloop
  endfacet
  facet normal 0.700236 0.139061 0.700236
    outer loop
      vertex 48.5315 194.2 65.5556
      vertex 48.2133 194.413 65.8315
      vertex 48.2556 194.2 65.8315
    endloop
  endfacet
  facet normal -0.141804 0.701104 0.698817
    outer loop
      vertex 45 195.031 65.5556
      vertex 44.7874 194.713 65.8315
      vertex 45 194.756 65.8315
    endloop
  endfacet
  facet normal -0.138645 0.700268 0.700287
    outer loop
      vertex 45 195.031 65.5556
      vertex 44.6818 194.968 65.5556
      vertex 44.7874 194.713 65.8315
    endloop
  endfacet
  facet normal -0.832279 -0.554357 0
    outer loop
      vertex 44.1685 188.713 18.0556
      vertex 44.0939 188.825 52.1247
      vertex 44.0939 188.825 17.8753
    endloop
  endfacet
  facet normal -0.832279 -0.554357 0
    outer loop
      vertex 44.1685 188.713 18.0556
      vertex 44.1685 188.713 51.9444
      vertex 44.0939 188.825 52.1247
    endloop
  endfacet
  facet normal -0.83205 -0.5547 0
    outer loop
      vertex 44.3065 188.506 18.1935
      vertex 44.1685 188.713 51.9444
      vertex 44.1685 188.713 18.0556
    endloop
  endfacet
  facet normal -0.83205 -0.5547 0
    outer loop
      vertex 44.1685 188.713 51.9444
      vertex 44.3065 188.506 18.1935
      vertex 44.3065 188.506 51.8065
    endloop
  endfacet
  facet normal 0.196019 -0.9806 0
    outer loop
      vertex 47.7 188.219 51.5192
      vertex 47.7 188.219 18.4808
      vertex 47.8951 188.258 51.5192
    endloop
  endfacet
  facet normal 0.196019 -0.9806 0
    outer loop
      vertex 47.8951 188.258 18.4808
      vertex 47.8951 188.258 51.5192
      vertex 47.7 188.219 18.4808
    endloop
  endfacet
  facet normal 0.195907 -0.980623 0
    outer loop
      vertex 47.8951 188.258 51.5192
      vertex 47.8951 188.258 18.4808
      vertex 48.0753 188.294 51.5939
    endloop
  endfacet
  facet normal 0.195907 -0.980623 0
    outer loop
      vertex 48.0753 188.294 51.5939
      vertex 47.8951 188.258 18.4808
      vertex 48.0753 188.294 18.4061
    endloop
  endfacet
  facet normal 0.980731 -0.195362 0
    outer loop
      vertex 48.6061 188.825 52.1247
      vertex 48.6808 189.2 17.6951
      vertex 48.6808 189.2 52.3049
    endloop
  endfacet
  facet normal 0.980731 -0.195362 0
    outer loop
      vertex 48.6808 189.2 17.6951
      vertex 48.6061 188.825 52.1247
      vertex 48.6061 188.825 17.8753
    endloop
  endfacet
  facet normal 0.513662 0.770977 0.376491
    outer loop
      vertex 48.0753 195.106 65.1951
      vertex 48.0182 194.968 65.5556
      vertex 48.3935 194.894 65.1951
    endloop
  endfacet
  facet normal -0.0765733 0.381335 0.92126
    outer loop
      vertex 45 194.395 65.9808
      vertex 44.7874 194.713 65.8315
      vertex 44.9253 194.38 65.9808
    endloop
  endfacet
  facet normal 0 0.708261 0.705951
    outer loop
      vertex 47.7 195.031 65.5556
      vertex 45 194.756 65.8315
      vertex 47.7 194.756 65.8315
    endloop
  endfacet
  facet normal 0 0.708261 0.705951
    outer loop
      vertex 45 194.756 65.8315
      vertex 47.7 195.031 65.5556
      vertex 45 195.031 65.5556
    endloop
  endfacet
  facet normal 0 0.923266 0.384161
    outer loop
      vertex 47.7 195.181 65.1951
      vertex 45 195.031 65.5556
      vertex 47.7 195.031 65.5556
    endloop
  endfacet
  facet normal 0 0.923266 0.384161
    outer loop
      vertex 45 195.031 65.5556
      vertex 47.7 195.181 65.1951
      vertex 45 195.181 65.1951
    endloop
  endfacet
  facet normal 0.923901 0 0.382631
    outer loop
      vertex 48.5315 194.2 65.5556
      vertex 48.6808 174.902 65.1951
      vertex 48.6808 194.2 65.1951
    endloop
  endfacet
  facet normal 0.924016 6.08661e-06 0.382353
    outer loop
      vertex 48.5315 194.2 65.5556
      vertex 48.6724 174.898 65.2154
      vertex 48.6808 174.902 65.1951
    endloop
  endfacet
  facet normal 0.923894 0 0.382648
    outer loop
      vertex 48.6724 174.898 65.2154
      vertex 48.5315 194.2 65.5556
      vertex 48.5315 174.826 65.5556
    endloop
  endfacet
  facet normal 0.382631 0 0.923901
    outer loop
      vertex 47.8951 194.2 65.9808
      vertex 48.2556 174.685 65.8315
      vertex 48.2556 194.2 65.8315
    endloop
  endfacet
  facet normal 0.382354 -5.9839e-06 0.924016
    outer loop
      vertex 48.2556 174.685 65.8315
      vertex 47.8951 194.2 65.9808
      vertex 48.186 174.649 65.8603
    endloop
  endfacet
  facet normal 0.380903 -3.12702e-05 0.924615
    outer loop
      vertex 48.186 174.649 65.8603
      vertex 47.8951 194.2 65.9808
      vertex 48.1508 174.621 65.8748
    endloop
  endfacet
  facet normal 0.382876 -1.09923e-06 0.9238
    outer loop
      vertex 48.1508 174.621 65.8748
      vertex 47.8951 194.2 65.9808
      vertex 48 174.5 65.9373
    endloop
  endfacet
  facet normal 0.383052 0 0.923727
    outer loop
      vertex 48 174.5 65.9373
      vertex 47.8951 194.2 65.9808
      vertex 47.8951 174.395 65.9808
    endloop
  endfacet
  facet normal -0.395825 0.594397 0.70001
    outer loop
      vertex 44.7874 194.713 65.8315
      vertex 44.4121 194.788 65.5556
      vertex 44.6072 194.593 65.8315
    endloop
  endfacet
  facet normal -0.179936 0.908817 0.376397
    outer loop
      vertex 45 195.031 65.5556
      vertex 44.6247 195.106 65.1951
      vertex 44.6818 194.968 65.5556
    endloop
  endfacet
  facet normal -0.513662 0.770977 0.376491
    outer loop
      vertex 44.6247 195.106 65.1951
      vertex 44.3065 194.894 65.1951
      vertex 44.6818 194.968 65.5556
    endloop
  endfacet
  facet normal 0.179936 0.908817 0.376397
    outer loop
      vertex 48.0753 195.106 65.1951
      vertex 47.7 195.031 65.5556
      vertex 48.0182 194.968 65.5556
    endloop
  endfacet
  facet normal 0.0770687 0.381042 0.92134
    outer loop
      vertex 47.7 194.756 65.8315
      vertex 47.7 194.395 65.9808
      vertex 47.9126 194.713 65.8315
    endloop
  endfacet
  facet normal 0 1 0
    outer loop
      vertex 198.019 195.181 10.1951
      vertex 198.019 195.181 4.98078
      vertex 47.7 195.181 10.1951
    endloop
  endfacet
  facet normal 0 1 -0
    outer loop
      vertex 47.7 195.181 10.1951
      vertex 45 195.181 65.1951
      vertex 47.7 195.181 65.1951
    endloop
  endfacet
  facet normal 0 1 0
    outer loop
      vertex 47.7 195.181 10.1951
      vertex 45 195.181 4.98078
      vertex 45 195.181 65.1951
    endloop
  endfacet
  facet normal 0 1 0
    outer loop
      vertex 45 195.181 4.98078
      vertex 47.7 195.181 10.1951
      vertex 198.019 195.181 4.98078
    endloop
  endfacet
  facet normal 0.831494 0.555534 0
    outer loop
      vertex 48.3935 194.894 65.1951
      vertex 48.4857 194.756 10.8315
      vertex 48.3935 194.894 10.6935
    endloop
  endfacet
  facet normal 0.832131 0.55458 -0
    outer loop
      vertex 48.6061 194.575 10.9061
      vertex 48.3935 194.894 65.1951
      vertex 48.6061 194.575 65.1951
    endloop
  endfacet
  facet normal 0.832615 0.553852 6.17058e-06
    outer loop
      vertex 48.3935 194.894 65.1951
      vertex 48.6061 194.575 10.9061
      vertex 48.4857 194.756 10.8315
    endloop
  endfacet
  facet normal 0.980685 0.195592 0
    outer loop
      vertex 48.6061 194.575 65.1951
      vertex 48.642 194.395 10.9808
      vertex 48.6061 194.575 10.9061
    endloop
  endfacet
  facet normal 0.980731 0.195362 7.95956e-07
    outer loop
      vertex 48.6808 194.2 65.1951
      vertex 48.642 194.395 10.9808
      vertex 48.6061 194.575 65.1951
    endloop
  endfacet
  facet normal 0.980774 0.195149 0
    outer loop
      vertex 48.642 194.395 10.9808
      vertex 48.6808 194.2 65.1951
      vertex 48.6808 194.2 10.9808
    endloop
  endfacet
  facet normal -0.381516 0.0757945 0.92125
    outer loop
      vertex 44.8198 194.275 65.9808
      vertex 44.4867 194.413 65.8315
      vertex 44.8049 194.2 65.9808
    endloop
  endfacet
  facet normal 1 0 0
    outer loop
      vertex 48.6808 194.2 65.1951
      vertex 48.6808 189.2 52.3049
      vertex 48.6808 194.2 10.9808
    endloop
  endfacet
  facet normal 1 -0 0
    outer loop
      vertex 48.6808 175.181 63.1951
      vertex 48.6808 189.2 52.3049
      vertex 48.6808 194.2 65.1951
    endloop
  endfacet
  facet normal 1 0 0
    outer loop
      vertex 48.6808 175.181 10.9808
      vertex 48.6808 179.2 52.3049
      vertex 48.6808 175.181 63.1951
    endloop
  endfacet
  facet normal 1 0 0
    outer loop
      vertex 48.6808 189.2 52.3049
      vertex 48.6808 175.181 63.1951
      vertex 48.6808 179.2 52.3049
    endloop
  endfacet
  facet normal 1 -0 0
    outer loop
      vertex 48.6808 174.902 65.1951
      vertex 48.6808 175.181 63.1951
      vertex 48.6808 194.2 65.1951
    endloop
  endfacet
  facet normal 1 0 0
    outer loop
      vertex 48.6808 175.181 63.1951
      vertex 48.6808 174.902 65.1951
      vertex 48.6808 175.031 63.5556
    endloop
  endfacet
  facet normal 1 0 0
    outer loop
      vertex 48.6808 175.031 63.5556
      vertex 48.6808 174.902 65.1951
      vertex 48.6808 174.902 63.685
    endloop
  endfacet
  facet normal 1 -0 0
    outer loop
      vertex 48.6808 189.2 17.6951
      vertex 48.6808 194.2 10.9808
      vertex 48.6808 189.2 52.3049
    endloop
  endfacet
  facet normal 1 0 0
    outer loop
      vertex 48.6808 175.181 10.9808
      vertex 48.6808 189.2 17.6951
      vertex 48.6808 179.2 17.6951
    endloop
  endfacet
  facet normal 1 0 0
    outer loop
      vertex 48.6808 189.2 17.6951
      vertex 48.6808 175.181 10.9808
      vertex 48.6808 194.2 10.9808
    endloop
  endfacet
  facet normal 1 0 0
    outer loop
      vertex 48.6808 179.2 52.3049
      vertex 48.6808 175.181 10.9808
      vertex 48.6808 179.2 17.6951
    endloop
  endfacet
  facet normal 0.215363 0.324071 0.921193
    outer loop
      vertex 48.0928 194.593 65.8315
      vertex 47.7747 194.38 65.9808
      vertex 47.8379 194.338 65.9808
    endloop
  endfacet
  facet normal 0.707107 0 0.707107
    outer loop
      vertex 48.2556 194.2 65.8315
      vertex 48.5315 174.826 65.5556
      vertex 48.5315 194.2 65.5556
    endloop
  endfacet
  facet normal 0.707107 -2.56721e-16 0.707107
    outer loop
      vertex 48.5315 174.826 65.5556
      vertex 48.2556 194.2 65.8315
      vertex 48.3748 174.746 65.7123
    endloop
  endfacet
  facet normal 0.707107 0 0.707107
    outer loop
      vertex 48.3748 174.746 65.7123
      vertex 48.2556 194.2 65.8315
      vertex 48.2556 174.685 65.8315
    endloop
  endfacet
  facet normal 0.908641 0.181001 0.376311
    outer loop
      vertex 48.6061 194.575 65.1951
      vertex 48.5315 194.2 65.5556
      vertex 48.6808 194.2 65.1951
    endloop
  endfacet
  facet normal 0.215599 0.323758 0.921248
    outer loop
      vertex 47.9126 194.713 65.8315
      vertex 47.7747 194.38 65.9808
      vertex 48.0928 194.593 65.8315
    endloop
  endfacet
  facet normal 0.138645 0.700268 0.700287
    outer loop
      vertex 48.0182 194.968 65.5556
      vertex 47.7 195.031 65.5556
      vertex 47.9126 194.713 65.8315
    endloop
  endfacet
  facet normal -0.593262 0.397156 0.70022
    outer loop
      vertex 44.6072 194.593 65.8315
      vertex 44.4121 194.788 65.5556
      vertex 44.4867 194.413 65.8315
    endloop
  endfacet
  facet normal -0.323257 0.216403 0.921235
    outer loop
      vertex 44.6072 194.593 65.8315
      vertex 44.4867 194.413 65.8315
      vertex 44.8198 194.275 65.9808
    endloop
  endfacet
  facet normal -0.594054 0.396696 0.699809
    outer loop
      vertex 44.4121 194.788 65.5556
      vertex 44.2318 194.518 65.5556
      vertex 44.4867 194.413 65.8315
    endloop
  endfacet
  facet normal -0.770298 0.514388 0.376889
    outer loop
      vertex 44.3065 194.894 65.1951
      vertex 44.2318 194.518 65.5556
      vertex 44.4121 194.788 65.5556
    endloop
  endfacet
  facet normal 0.593262 0.397156 0.70022
    outer loop
      vertex 48.2879 194.788 65.5556
      vertex 48.0928 194.593 65.8315
      vertex 48.2133 194.413 65.8315
    endloop
  endfacet
  facet normal 0.322806 0.216741 0.921314
    outer loop
      vertex 48.0928 194.593 65.8315
      vertex 47.8379 194.338 65.9808
      vertex 47.8802 194.275 65.9808
    endloop
  endfacet
  facet normal 0.51414 0.770353 0.377117
    outer loop
      vertex 48.3935 194.894 65.1951
      vertex 48.0182 194.968 65.5556
      vertex 48.2879 194.788 65.5556
    endloop
  endfacet
  facet normal 0.396235 0.593692 0.700377
    outer loop
      vertex 48.0182 194.968 65.5556
      vertex 47.9126 194.713 65.8315
      vertex 48.2879 194.788 65.5556
    endloop
  endfacet
  facet normal 0.395825 0.594397 0.70001
    outer loop
      vertex 48.2879 194.788 65.5556
      vertex 47.9126 194.713 65.8315
      vertex 48.0928 194.593 65.8315
    endloop
  endfacet
  facet normal 0.700328 0.139405 0.700076
    outer loop
      vertex 48.4682 194.518 65.5556
      vertex 48.2133 194.413 65.8315
      vertex 48.5315 194.2 65.5556
    endloop
  endfacet
  facet normal 0.0765733 0.381335 0.92126
    outer loop
      vertex 47.9126 194.713 65.8315
      vertex 47.7 194.395 65.9808
      vertex 47.7747 194.38 65.9808
    endloop
  endfacet
  facet normal -0.196019 -0.9806 -0
    outer loop
      vertex 44.8049 188.258 51.5192
      vertex 44.8049 188.258 18.4808
      vertex 45 188.219 51.5192
    endloop
  endfacet
  facet normal -0.195907 -0.980623 0
    outer loop
      vertex 44.6247 188.294 51.5939
      vertex 44.8049 188.258 18.4808
      vertex 44.8049 188.258 51.5192
    endloop
  endfacet
  facet normal -0.195907 -0.980623 0
    outer loop
      vertex 44.8049 188.258 18.4808
      vertex 44.6247 188.294 51.5939
      vertex 44.6247 188.294 18.4061
    endloop
  endfacet
  facet normal -0.196019 -0.9806 -0
    outer loop
      vertex 45 188.219 51.5192
      vertex 44.8049 188.258 18.4808
      vertex 45 188.219 18.4808
    endloop
  endfacet
  facet normal -0.700328 0.139405 0.700076
    outer loop
      vertex 44.2318 194.518 65.5556
      vertex 44.1685 194.2 65.5556
      vertex 44.4867 194.413 65.8315
    endloop
  endfacet
  facet normal 0.908709 0.180884 0.376204
    outer loop
      vertex 48.6061 194.575 65.1951
      vertex 48.4682 194.518 65.5556
      vertex 48.5315 194.2 65.5556
    endloop
  endfacet
  facet normal 0.771009 0.513845 0.376176
    outer loop
      vertex 48.6061 194.575 65.1951
      vertex 48.3935 194.894 65.1951
      vertex 48.4682 194.518 65.5556
    endloop
  endfacet
  facet normal -0.381531 0.0757688 0.921245
    outer loop
      vertex 44.4867 194.413 65.8315
      vertex 44.4444 194.2 65.8315
      vertex 44.8049 194.2 65.9808
    endloop
  endfacet
  facet normal -0.700236 0.139061 0.700236
    outer loop
      vertex 44.4867 194.413 65.8315
      vertex 44.1685 194.2 65.5556
      vertex 44.4444 194.2 65.8315
    endloop
  endfacet
  facet normal 0.594054 0.396696 0.699809
    outer loop
      vertex 48.2879 194.788 65.5556
      vertex 48.2133 194.413 65.8315
      vertex 48.4682 194.518 65.5556
    endloop
  endfacet
  facet normal 0.770298 0.514388 0.376889
    outer loop
      vertex 48.3935 194.894 65.1951
      vertex 48.2879 194.788 65.5556
      vertex 48.4682 194.518 65.5556
    endloop
  endfacet
  facet normal 0.381516 0.0757945 0.92125
    outer loop
      vertex 48.2133 194.413 65.8315
      vertex 47.8802 194.275 65.9808
      vertex 47.8951 194.2 65.9808
    endloop
  endfacet
  facet normal 0.381531 0.0757688 0.921245
    outer loop
      vertex 48.2133 194.413 65.8315
      vertex 47.8951 194.2 65.9808
      vertex 48.2556 194.2 65.8315
    endloop
  endfacet
  facet normal 0 -1 0
    outer loop
      vertex 201.734 175.719 4.93078
      vertex 202 175.719 8.01922
      vertex 45.2658 175.719 4.93078
    endloop
  endfacet
  facet normal 0 -1 0
    outer loop
      vertex 202 175.719 8.01922
      vertex 201.734 175.719 4.93078
      vertex 201.855 175.719 4.98078
    endloop
  endfacet
  facet normal 0 -1 0
    outer loop
      vertex 45.1451 175.719 4.98078
      vertex 45 175.719 8.01922
      vertex 45 175.719 4.98078
    endloop
  endfacet
  facet normal 0 -1 0
    outer loop
      vertex 45.2658 175.719 4.93078
      vertex 45 175.719 8.01922
      vertex 45.1451 175.719 4.98078
    endloop
  endfacet
  facet normal 0 -1 0
    outer loop
      vertex 45 175.719 8.01922
      vertex 45.2658 175.719 4.93078
      vertex 202 175.719 8.01922
    endloop
  endfacet
  facet normal 0 -1 -0
    outer loop
      vertex 202 175.719 8.01922
      vertex 201.855 175.719 4.98078
      vertex 202 175.719 4.98078
    endloop
  endfacet
  facet normal 0 0 1
    outer loop
      vertex 198.019 198.219 4.98078
      vertex 45 195.181 4.98078
      vertex 198.019 195.181 4.98078
    endloop
  endfacet
  facet normal 0 0 1
    outer loop
      vertex 4.98078 198.219 4.98078
      vertex 44.0192 176.7 4.98078
      vertex 44.0192 194.2 4.98078
    endloop
  endfacet
  facet normal 0 0 1
    outer loop
      vertex 44.0192 176.7 4.98078
      vertex 4.98078 198.219 4.98078
      vertex 44.0192 171.65 4.98078
    endloop
  endfacet
  facet normal 0 0 1
    outer loop
      vertex 44.0192 171.65 4.98078
      vertex 4.98078 198.219 4.98078
      vertex 44.0192 169.7 4.98078
    endloop
  endfacet
  facet normal 0 0 1
    outer loop
      vertex 44.0939 194.575 4.98078
      vertex 4.98078 198.219 4.98078
      vertex 44.0192 194.2 4.98078
    endloop
  endfacet
  facet normal 0 0 1
    outer loop
      vertex 44.3065 194.894 4.98078
      vertex 4.98078 198.219 4.98078
      vertex 44.0939 194.575 4.98078
    endloop
  endfacet
  facet normal 0 0 1
    outer loop
      vertex 44.6247 195.106 4.98078
      vertex 4.98078 198.219 4.98078
      vertex 44.3065 194.894 4.98078
    endloop
  endfacet
  facet normal 0 0 1
    outer loop
      vertex 45 195.181 4.98078
      vertex 4.98078 198.219 4.98078
      vertex 44.6247 195.106 4.98078
    endloop
  endfacet
  facet normal -0 0 1
    outer loop
      vertex 4.98078 198.219 4.98078
      vertex 45 195.181 4.98078
      vertex 198.019 198.219 4.98078
    endloop
  endfacet
  facet normal -0 0 1
    outer loop
      vertex 45 175.719 4.98078
      vertex 45.1451 172.631 4.98078
      vertex 45.1451 175.719 4.98078
    endloop
  endfacet
  facet normal 0 0 1
    outer loop
      vertex 45 175.719 4.98078
      vertex 45 172.631 4.98078
      vertex 45.1451 172.631 4.98078
    endloop
  endfacet
  facet normal 0 0 1
    outer loop
      vertex 44.6247 175.794 4.98078
      vertex 45 172.631 4.98078
      vertex 45 175.719 4.98078
    endloop
  endfacet
  facet normal 0 0 1
    outer loop
      vertex 44.6247 175.794 4.98078
      vertex 44.6247 172.556 4.98078
      vertex 45 172.631 4.98078
    endloop
  endfacet
  facet normal 0 0 1
    outer loop
      vertex 44.3065 176.006 4.98078
      vertex 44.6247 172.556 4.98078
      vertex 44.6247 175.794 4.98078
    endloop
  endfacet
  facet normal 0 0 1
    outer loop
      vertex 44.3065 176.006 4.98078
      vertex 44.3065 172.344 4.98078
      vertex 44.6247 172.556 4.98078
    endloop
  endfacet
  facet normal 0 0 1
    outer loop
      vertex 44.0939 176.325 4.98078
      vertex 44.3065 172.344 4.98078
      vertex 44.3065 176.006 4.98078
    endloop
  endfacet
  facet normal 0 0 1
    outer loop
      vertex 44.0939 176.325 4.98078
      vertex 44.0939 172.025 4.98078
      vertex 44.3065 172.344 4.98078
    endloop
  endfacet
  facet normal 0 0 1
    outer loop
      vertex 44.0192 176.7 4.98078
      vertex 44.0939 172.025 4.98078
      vertex 44.0939 176.325 4.98078
    endloop
  endfacet
  facet normal 0 0 1
    outer loop
      vertex 44.0939 172.025 4.98078
      vertex 44.0192 176.7 4.98078
      vertex 44.0192 171.65 4.98078
    endloop
  endfacet
  facet normal 0 0 1
    outer loop
      vertex 53.1951 168.719 4.98078
      vertex 45 168.719 4.98078
      vertex 53.1951 144.895 4.98078
    endloop
  endfacet
  facet normal -0 0 1
    outer loop
      vertex 202.906 176.325 4.98078
      vertex 202.981 171.65 4.98078
      vertex 202.981 176.7 4.98078
    endloop
  endfacet
  facet normal 0 0 1
    outer loop
      vertex 202.906 176.325 4.98078
      vertex 202.906 172.025 4.98078
      vertex 202.981 171.65 4.98078
    endloop
  endfacet
  facet normal -0 0 1
    outer loop
      vertex 202.694 176.006 4.98078
      vertex 202.906 172.025 4.98078
      vertex 202.906 176.325 4.98078
    endloop
  endfacet
  facet normal 0 0 1
    outer loop
      vertex 202.694 176.006 4.98078
      vertex 202.694 172.344 4.98078
      vertex 202.906 172.025 4.98078
    endloop
  endfacet
  facet normal -0 0 1
    outer loop
      vertex 202.375 175.794 4.98078
      vertex 202.694 172.344 4.98078
      vertex 202.694 176.006 4.98078
    endloop
  endfacet
  facet normal 0 0 1
    outer loop
      vertex 202.375 175.794 4.98078
      vertex 202.375 172.556 4.98078
      vertex 202.694 172.344 4.98078
    endloop
  endfacet
  facet normal -0 0 1
    outer loop
      vertex 202 175.719 4.98078
      vertex 202.375 172.556 4.98078
      vertex 202.375 175.794 4.98078
    endloop
  endfacet
  facet normal 0 0 1
    outer loop
      vertex 202 175.719 4.98078
      vertex 202 172.631 4.98078
      vertex 202.375 172.556 4.98078
    endloop
  endfacet
  facet normal -0 0 1
    outer loop
      vertex 201.855 175.719 4.98078
      vertex 202 172.631 4.98078
      vertex 202 175.719 4.98078
    endloop
  endfacet
  facet normal 0 0 1
    outer loop
      vertex 202 172.631 4.98078
      vertex 201.855 175.719 4.98078
      vertex 201.855 172.631 4.98078
    endloop
  endfacet
  facet normal 0 0 1
    outer loop
      vertex 202.981 176.7 4.98078
      vertex 223.619 192.219 4.98078
      vertex 202.981 192.219 4.98078
    endloop
  endfacet
  facet normal 0 0 1
    outer loop
      vertex 202.981 171.65 4.98078
      vertex 223.619 192.219 4.98078
      vertex 202.981 176.7 4.98078
    endloop
  endfacet
  facet normal 0 0 1
    outer loop
      vertex 202.981 169.7 4.98078
      vertex 223.619 192.219 4.98078
      vertex 202.981 171.65 4.98078
    endloop
  endfacet
  facet normal 0 0 1
    outer loop
      vertex 202.906 169.325 4.98078
      vertex 223.619 192.219 4.98078
      vertex 202.981 169.7 4.98078
    endloop
  endfacet
  facet normal 0 0 1
    outer loop
      vertex 193.805 144.895 4.98078
      vertex 223.619 192.219 4.98078
      vertex 202.906 169.325 4.98078
    endloop
  endfacet
  facet normal 0 0 1
    outer loop
      vertex 193.805 144.895 4.98078
      vertex 202.906 169.325 4.98078
      vertex 202.694 169.006 4.98078
    endloop
  endfacet
  facet normal 0 0 1
    outer loop
      vertex 193.805 144.895 4.98078
      vertex 202.694 169.006 4.98078
      vertex 202.375 168.794 4.98078
    endloop
  endfacet
  facet normal 0 0 1
    outer loop
      vertex 193.805 144.895 4.98078
      vertex 202.375 168.794 4.98078
      vertex 202 168.719 4.98078
    endloop
  endfacet
  facet normal 0 0 1
    outer loop
      vertex 193.805 144.895 4.98078
      vertex 202 168.719 4.98078
      vertex 193.805 168.719 4.98078
    endloop
  endfacet
  facet normal 0 0 1
    outer loop
      vertex 223.619 192.219 4.98078
      vertex 193.805 144.895 4.98078
      vertex 223.619 4.98078 4.98078
    endloop
  endfacet
  facet normal -0 0 1
    outer loop
      vertex 53.1951 144.895 4.98078
      vertex 223.619 4.98078 4.98078
      vertex 193.805 144.895 4.98078
    endloop
  endfacet
  facet normal 0 0 1
    outer loop
      vertex 44.6247 168.794 4.98078
      vertex 53.1951 144.895 4.98078
      vertex 45 168.719 4.98078
    endloop
  endfacet
  facet normal 0 0 1
    outer loop
      vertex 44.3065 169.006 4.98078
      vertex 53.1951 144.895 4.98078
      vertex 44.6247 168.794 4.98078
    endloop
  endfacet
  facet normal 0 0 1
    outer loop
      vertex 44.0939 169.325 4.98078
      vertex 53.1951 144.895 4.98078
      vertex 44.3065 169.006 4.98078
    endloop
  endfacet
  facet normal 0 0 1
    outer loop
      vertex 4.98078 198.219 4.98078
      vertex 44.0939 169.325 4.98078
      vertex 44.0192 169.7 4.98078
    endloop
  endfacet
  facet normal 0 0 1
    outer loop
      vertex 4.98078 198.219 4.98078
      vertex 53.1951 144.895 4.98078
      vertex 44.0939 169.325 4.98078
    endloop
  endfacet
  facet normal 0 0 1
    outer loop
      vertex 53.1951 144.895 4.98078
      vertex 4.98078 4.98078 4.98078
      vertex 223.619 4.98078 4.98078
    endloop
  endfacet
  facet normal 0 0 1
    outer loop
      vertex 4.98078 4.98078 4.98078
      vertex 53.1951 144.895 4.98078
      vertex 4.98078 198.219 4.98078
    endloop
  endfacet
  facet normal 0 -1 0
    outer loop
      vertex 202.195 192.219 65.9808
      vertex 199.3 192.219 76.2
      vertex 199.3 192.219 65.9808
    endloop
  endfacet
  facet normal 0 -1 0
    outer loop
      vertex 202.556 192.219 65.8315
      vertex 199.3 192.219 76.2
      vertex 202.195 192.219 65.9808
    endloop
  endfacet
  facet normal 0 -1 0
    outer loop
      vertex 199.3 192.219 76.2
      vertex 202.556 192.219 65.8315
      vertex 211.3 192.219 76.2
    endloop
  endfacet
  facet normal 0 -1 0
    outer loop
      vertex 202.831 192.219 65.5556
      vertex 211.3 192.219 76.2
      vertex 202.556 192.219 65.8315
    endloop
  endfacet
  facet normal 0 -1 0
    outer loop
      vertex 211.3 192.219 63.8951
      vertex 202.831 192.219 65.5556
      vertex 202.981 192.219 65.1951
    endloop
  endfacet
  facet normal 0 -1 0
    outer loop
      vertex 202.831 192.219 65.5556
      vertex 211.3 192.219 63.8951
      vertex 211.3 192.219 76.2
    endloop
  endfacet
  facet normal 0 -1 0
    outer loop
      vertex 202.981 192.219 65.1951
      vertex 211.348 192.219 63.4074
      vertex 211.3 192.219 63.8951
    endloop
  endfacet
  facet normal 0 -1 0
    outer loop
      vertex 202.981 192.219 65.1951
      vertex 211.49 192.219 62.9384
      vertex 211.348 192.219 63.4074
    endloop
  endfacet
  facet normal 0 -1 0
    outer loop
      vertex 202.981 192.219 65.1951
      vertex 211.721 192.219 62.5062
      vertex 211.49 192.219 62.9384
    endloop
  endfacet
  facet normal 0 -1 0
    outer loop
      vertex 202.981 192.219 65.1951
      vertex 212.032 192.219 62.1273
      vertex 211.721 192.219 62.5062
    endloop
  endfacet
  facet normal 0 -1 0
    outer loop
      vertex 202.981 192.219 65.1951
      vertex 212.411 192.219 61.8164
      vertex 212.032 192.219 62.1273
    endloop
  endfacet
  facet normal 0 -1 0
    outer loop
      vertex 202.981 192.219 4.98078
      vertex 212.411 192.219 61.8164
      vertex 202.981 192.219 65.1951
    endloop
  endfacet
  facet normal 0 -1 -0
    outer loop
      vertex 213.312 192.219 61.4431
      vertex 202.981 192.219 4.98078
      vertex 213.8 192.219 61.3951
    endloop
  endfacet
  facet normal 0 -1 -0
    outer loop
      vertex 212.843 192.219 61.5854
      vertex 202.981 192.219 4.98078
      vertex 213.312 192.219 61.4431
    endloop
  endfacet
  facet normal 0 -1 -0
    outer loop
      vertex 212.411 192.219 61.8164
      vertex 202.981 192.219 4.98078
      vertex 212.843 192.219 61.5854
    endloop
  endfacet
  facet normal 0 -1 0
    outer loop
      vertex 216.3 192.219 76.2
      vertex 221.619 192.219 73.0049
      vertex 221.619 192.219 76.2
    endloop
  endfacet
  facet normal 0 -1 0
    outer loop
      vertex 216.3 192.219 76.2
      vertex 221.769 192.219 72.6444
      vertex 221.619 192.219 73.0049
    endloop
  endfacet
  facet normal 0 -1 0
    outer loop
      vertex 216.3 192.219 63.8951
      vertex 221.769 192.219 72.6444
      vertex 216.3 192.219 76.2
    endloop
  endfacet
  facet normal 0 -1 -0
    outer loop
      vertex 221.769 192.219 72.6444
      vertex 216.3 192.219 63.8951
      vertex 222.044 192.219 72.3685
    endloop
  endfacet
  facet normal 0 -1 0
    outer loop
      vertex 216.3 192.219 63.8951
      vertex 222.405 192.219 72.2192
      vertex 222.044 192.219 72.3685
    endloop
  endfacet
  facet normal 0 -1 0
    outer loop
      vertex 216.3 192.219 63.8951
      vertex 223.619 192.219 72.2192
      vertex 222.405 192.219 72.2192
    endloop
  endfacet
  facet normal 0 -1 0
    outer loop
      vertex 216.252 192.219 63.4074
      vertex 223.619 192.219 72.2192
      vertex 216.3 192.219 63.8951
    endloop
  endfacet
  facet normal 0 -1 0
    outer loop
      vertex 216.11 192.219 62.9384
      vertex 223.619 192.219 72.2192
      vertex 216.252 192.219 63.4074
    endloop
  endfacet
  facet normal 0 -1 0
    outer loop
      vertex 215.879 192.219 62.5062
      vertex 223.619 192.219 72.2192
      vertex 216.11 192.219 62.9384
    endloop
  endfacet
  facet normal 0 -1 0
    outer loop
      vertex 223.619 192.219 4.98078
      vertex 213.8 192.219 61.3951
      vertex 202.981 192.219 4.98078
    endloop
  endfacet
  facet normal 0 -1 0
    outer loop
      vertex 213.8 192.219 61.3951
      vertex 223.619 192.219 4.98078
      vertex 214.288 192.219 61.4431
    endloop
  endfacet
  facet normal 0 -1 0
    outer loop
      vertex 214.288 192.219 61.4431
      vertex 223.619 192.219 4.98078
      vertex 214.757 192.219 61.5854
    endloop
  endfacet
  facet normal 0 -1 0
    outer loop
      vertex 214.757 192.219 61.5854
      vertex 223.619 192.219 4.98078
      vertex 215.189 192.219 61.8164
    endloop
  endfacet
  facet normal 0 -1 0
    outer loop
      vertex 215.189 192.219 61.8164
      vertex 223.619 192.219 4.98078
      vertex 215.568 192.219 62.1273
    endloop
  endfacet
  facet normal 0 -1 0
    outer loop
      vertex 215.568 192.219 62.1273
      vertex 223.619 192.219 4.98078
      vertex 215.879 192.219 62.5062
    endloop
  endfacet
  facet normal 0 -1 0
    outer loop
      vertex 215.879 192.219 62.5062
      vertex 223.619 192.219 4.98078
      vertex 223.619 192.219 72.2192
    endloop
  endfacet
  facet normal 0 0 1
    outer loop
      vertex 198.114 194.395 10.9808
      vertex 48.642 194.395 10.9808
      vertex 48.6808 194.2 10.9808
    endloop
  endfacet
  facet normal 0 0 1
    outer loop
      vertex 198.306 194.106 10.9808
      vertex 198.319 175.181 10.9808
      vertex 198.319 194.098 10.9808
    endloop
  endfacet
  facet normal 0 0 1
    outer loop
      vertex 198.114 194.395 10.9808
      vertex 198.319 175.181 10.9808
      vertex 198.306 194.106 10.9808
    endloop
  endfacet
  facet normal -0 0 1
    outer loop
      vertex 48.6808 194.2 10.9808
      vertex 198.319 175.181 10.9808
      vertex 198.114 194.395 10.9808
    endloop
  endfacet
  facet normal 0 0 1
    outer loop
      vertex 198.319 175.181 10.9808
      vertex 48.6808 194.2 10.9808
      vertex 48.6808 175.181 10.9808
    endloop
  endfacet
  facet normal 0 0.379353 0.925252
    outer loop
      vertex 198.094 194.425 10.9685
      vertex 48.642 194.395 10.9808
      vertex 198.114 194.395 10.9808
    endloop
  endfacet
  facet normal -7.22816e-07 0.382434 0.923983
    outer loop
      vertex 198.028 194.756 10.8315
      vertex 48.642 194.395 10.9808
      vertex 198.094 194.425 10.9685
    endloop
  endfacet
  facet normal -3.1826e-06 0.383303 0.923623
    outer loop
      vertex 198.028 194.756 10.8315
      vertex 48.6061 194.575 10.9061
      vertex 48.642 194.395 10.9808
    endloop
  endfacet
  facet normal 0 0.381058 0.924551
    outer loop
      vertex 48.6061 194.575 10.9061
      vertex 198.028 194.756 10.8315
      vertex 48.4857 194.756 10.8315
    endloop
  endfacet
  facet normal 0 0.71109 0.703101
    outer loop
      vertex 198.019 194.8 10.787
      vertex 48.4857 194.756 10.8315
      vertex 198.028 194.756 10.8315
    endloop
  endfacet
  facet normal 2.00236e-06 0.707718 0.706495
    outer loop
      vertex 198.019 195.031 10.5556
      vertex 48.4857 194.756 10.8315
      vertex 198.019 194.8 10.787
    endloop
  endfacet
  facet normal 4.25065e-06 0.707108 0.707105
    outer loop
      vertex 48.4857 194.756 10.8315
      vertex 198.019 195.031 10.5556
      vertex 48.3935 194.894 10.6935
    endloop
  endfacet
  facet normal 0 0.709418 0.704788
    outer loop
      vertex 48.3935 194.894 10.6935
      vertex 198.019 195.031 10.5556
      vertex 48.1871 195.031 10.5556
    endloop
  endfacet
  facet normal 0 0.923266 0.384161
    outer loop
      vertex 198.019 195.181 10.1951
      vertex 48.1871 195.031 10.5556
      vertex 198.019 195.031 10.5556
    endloop
  endfacet
  facet normal -2.55952e-07 0.923304 0.38407
    outer loop
      vertex 48.1871 195.031 10.5556
      vertex 198.019 195.181 10.1951
      vertex 48.0753 195.106 10.3753
    endloop
  endfacet
  facet normal 0 0.923228 0.384252
    outer loop
      vertex 48.0753 195.106 10.3753
      vertex 198.019 195.181 10.1951
      vertex 47.7 195.181 10.1951
    endloop
  endfacet
  facet normal -0.708261 0 -0.705951
    outer loop
      vertex 221.769 0 72.6444
      vertex 222.044 192.219 72.3685
      vertex 222.044 0 72.3685
    endloop
  endfacet
  facet normal -0.708261 0 -0.705951
    outer loop
      vertex 222.044 192.219 72.3685
      vertex 221.769 0 72.6444
      vertex 221.769 192.219 72.6444
    endloop
  endfacet
  facet normal -0.923266 0 -0.384161
    outer loop
      vertex 221.769 0 72.6444
      vertex 221.619 192.219 73.0049
      vertex 221.769 192.219 72.6444
    endloop
  endfacet
  facet normal -0.923266 -0 -0.384161
    outer loop
      vertex 221.619 192.219 73.0049
      vertex 221.769 0 72.6444
      vertex 221.619 0 73.0049
    endloop
  endfacet
  facet normal -1 0 0
    outer loop
      vertex 221.619 0 73.0049
      vertex 221.619 192.219 76.2
      vertex 221.619 192.219 73.0049
    endloop
  endfacet
  facet normal -1 -0 0
    outer loop
      vertex 221.619 192.219 76.2
      vertex 221.619 0 73.0049
      vertex 221.619 0 76.2
    endloop
  endfacet
  facet normal 0 0 -1
    outer loop
      vertex 222.405 0 72.2192
      vertex 223.619 192.219 72.2192
      vertex 223.619 0 72.2192
    endloop
  endfacet
  facet normal -0 0 -1
    outer loop
      vertex 223.619 192.219 72.2192
      vertex 222.405 0 72.2192
      vertex 222.405 192.219 72.2192
    endloop
  endfacet
  facet normal -0.382178 0 -0.924089
    outer loop
      vertex 222.044 0 72.3685
      vertex 222.405 192.219 72.2192
      vertex 222.405 0 72.2192
    endloop
  endfacet
  facet normal -0.382178 0 -0.924089
    outer loop
      vertex 222.405 192.219 72.2192
      vertex 222.044 0 72.3685
      vertex 222.044 192.219 72.3685
    endloop
  endfacet
  facet normal -1 0 0
    outer loop
      vertex 215.319 193.2 63.8951
      vertex 215.319 203.2 76.2
      vertex 215.319 203.2 63.8951
    endloop
  endfacet
  facet normal -1 -0 0
    outer loop
      vertex 215.319 203.2 76.2
      vertex 215.319 193.2 63.8951
      vertex 215.319 193.2 76.2
    endloop
  endfacet
  facet normal -0.980581 -0.196116 0
    outer loop
      vertex 215.394 192.825 63.8951
      vertex 215.319 193.2 76.2
      vertex 215.319 193.2 63.8951
    endloop
  endfacet
  facet normal -0.980581 -0.196116 0
    outer loop
      vertex 215.319 193.2 76.2
      vertex 215.394 192.825 63.8951
      vertex 215.394 192.825 76.2
    endloop
  endfacet
  facet normal -0.196116 -0.980581 0
    outer loop
      vertex 215.925 192.294 63.8951
      vertex 216.3 192.219 76.2
      vertex 215.925 192.294 76.2
    endloop
  endfacet
  facet normal -0.196116 -0.980581 -0
    outer loop
      vertex 216.3 192.219 76.2
      vertex 215.925 192.294 63.8951
      vertex 216.3 192.219 63.8951
    endloop
  endfacet
  facet normal -0.553495 -0.832853 0
    outer loop
      vertex 215.606 192.506 63.8951
      vertex 215.925 192.294 76.2
      vertex 215.606 192.506 76.2
    endloop
  endfacet
  facet normal -0.553495 -0.832853 -0
    outer loop
      vertex 215.925 192.294 76.2
      vertex 215.606 192.506 63.8951
      vertex 215.925 192.294 63.8951
    endloop
  endfacet
  facet normal -0.832853 -0.553495 0
    outer loop
      vertex 215.606 192.506 63.8951
      vertex 215.394 192.825 76.2
      vertex 215.394 192.825 63.8951
    endloop
  endfacet
  facet normal -0.832853 -0.553495 0
    outer loop
      vertex 215.394 192.825 76.2
      vertex 215.606 192.506 63.8951
      vertex 215.606 192.506 76.2
    endloop
  endfacet
  facet normal 0 -1 0
    outer loop
      vertex 4.98078 198.219 4.98078
      vertex 198.019 198.219 72.2192
      vertex 4.98078 198.219 72.2192
    endloop
  endfacet
  facet normal 0 -1 -0
    outer loop
      vertex 198.019 198.219 72.2192
      vertex 4.98078 198.219 4.98078
      vertex 198.019 198.219 4.98078
    endloop
  endfacet
  facet normal 1 -0 0
    outer loop
      vertex 212.281 193.2 76.2
      vertex 212.281 203.2 63.8951
      vertex 212.281 203.2 76.2
    endloop
  endfacet
  facet normal 1 0 0
    outer loop
      vertex 212.281 203.2 63.8951
      vertex 212.281 193.2 76.2
      vertex 212.281 193.2 63.8951
    endloop
  endfacet
  facet normal 1 0 0
    outer loop
      vertex 4.98078 198.219 72.2192
      vertex 4.98078 4.98078 10.5451
      vertex 4.98078 198.219 4.98078
    endloop
  endfacet
  facet normal 1 0 0
    outer loop
      vertex 4.98078 198.219 72.2192
      vertex 4.98078 4.83147 10.9056
      vertex 4.98078 4.98078 10.5451
    endloop
  endfacet
  facet normal 1 -0 0
    outer loop
      vertex 4.98078 0 72.2192
      vertex 4.98078 4.83147 10.9056
      vertex 4.98078 198.219 72.2192
    endloop
  endfacet
  facet normal 1 0 0
    outer loop
      vertex 4.98078 4.83147 10.9056
      vertex 4.98078 0 72.2192
      vertex 4.98078 4.55557 11.1815
    endloop
  endfacet
  facet normal 1 0 0
    outer loop
      vertex 4.98078 4.55557 11.1815
      vertex 4.98078 0 72.2192
      vertex 4.98078 4.19509 11.3308
    endloop
  endfacet
  facet normal 1 0 0
    outer loop
      vertex 4.98078 4.19509 11.3308
      vertex 4.98078 0 72.2192
      vertex 4.98078 0 11.3308
    endloop
  endfacet
  facet normal 1 0 0
    outer loop
      vertex 4.98078 198.219 4.98078
      vertex 4.98078 4.98078 10.5451
      vertex 4.98078 4.98078 4.98078
    endloop
  endfacet
  facet normal -0 -0.708261 -0.705951
    outer loop
      vertex 198.019 196.644 72.3685
      vertex 6.83147 196.369 72.6444
      vertex 6.55557 196.644 72.3685
    endloop
  endfacet
  facet normal 0 -0.708261 -0.705951
    outer loop
      vertex 6.83147 196.369 72.6444
      vertex 198.019 196.644 72.3685
      vertex 198.019 196.369 72.6444
    endloop
  endfacet
  facet normal -0 -0.923266 -0.384161
    outer loop
      vertex 198.019 196.369 72.6444
      vertex 6.98078 196.219 73.0049
      vertex 6.83147 196.369 72.6444
    endloop
  endfacet
  facet normal 0 -0.923266 -0.384161
    outer loop
      vertex 6.98078 196.219 73.0049
      vertex 198.019 196.369 72.6444
      vertex 198.019 196.219 73.0049
    endloop
  endfacet
  facet normal 0 -0.382178 -0.924089
    outer loop
      vertex 6.55557 196.644 72.3685
      vertex 198.019 197.005 72.2192
      vertex 198.019 196.644 72.3685
    endloop
  endfacet
  facet normal -0 -0.382178 -0.924089
    outer loop
      vertex 198.019 197.005 72.2192
      vertex 6.55557 196.644 72.3685
      vertex 6.19509 197.005 72.2192
    endloop
  endfacet
  facet normal 0 -1 0
    outer loop
      vertex 6.98078 196.219 73.0049
      vertex 198.019 196.219 76.2
      vertex 6.98078 196.219 76.2
    endloop
  endfacet
  facet normal 0 -1 -0
    outer loop
      vertex 198.019 196.219 76.2
      vertex 6.98078 196.219 73.0049
      vertex 198.019 196.219 73.0049
    endloop
  endfacet
  facet normal 0 0 -1
    outer loop
      vertex 6.19509 0 72.2192
      vertex 4.98078 0 72.2192
      vertex 6.19509 197.005 72.2192
    endloop
  endfacet
  facet normal 0 0 -1
    outer loop
      vertex 6.19509 197.005 72.2192
      vertex 198.019 198.219 72.2192
      vertex 198.019 197.005 72.2192
    endloop
  endfacet
  facet normal 0 0 -1
    outer loop
      vertex 6.19509 197.005 72.2192
      vertex 4.98078 198.219 72.2192
      vertex 198.019 198.219 72.2192
    endloop
  endfacet
  facet normal 0 0 -1
    outer loop
      vertex 4.98078 198.219 72.2192
      vertex 6.19509 197.005 72.2192
      vertex 4.98078 0 72.2192
    endloop
  endfacet
  facet normal 1 -0 0
    outer loop
      vertex 6.98078 0 76.2
      vertex 6.98078 196.219 73.0049
      vertex 6.98078 196.219 76.2
    endloop
  endfacet
  facet normal 1 0 0
    outer loop
      vertex 6.98078 196.219 73.0049
      vertex 6.98078 0 76.2
      vertex 6.98078 0 73.0049
    endloop
  endfacet
  facet normal 0.923892 0 -0.382653
    outer loop
      vertex 6.83147 0 72.6444
      vertex 6.98078 196.219 73.0049
      vertex 6.98078 0 73.0049
    endloop
  endfacet
  facet normal 0.923892 0 -0.382653
    outer loop
      vertex 6.98078 196.219 73.0049
      vertex 6.83147 0 72.6444
      vertex 6.83147 196.369 72.6444
    endloop
  endfacet
  facet normal 0.382649 0 -0.923894
    outer loop
      vertex 6.19509 0 72.2192
      vertex 6.55557 196.644 72.3685
      vertex 6.55557 0 72.3685
    endloop
  endfacet
  facet normal 0.382649 0 -0.923894
    outer loop
      vertex 6.55557 196.644 72.3685
      vertex 6.19509 0 72.2192
      vertex 6.19509 197.005 72.2192
    endloop
  endfacet
  facet normal 0.707107 0 -0.707107
    outer loop
      vertex 6.55557 0 72.3685
      vertex 6.83147 196.369 72.6444
      vertex 6.83147 0 72.6444
    endloop
  endfacet
  facet normal 0.707107 0 -0.707107
    outer loop
      vertex 6.83147 196.369 72.6444
      vertex 6.55557 0 72.3685
      vertex 6.55557 196.644 72.3685
    endloop
  endfacet
  facet normal -1 0 0
    outer loop
      vertex 223.619 4.98078 10.5451
      vertex 223.619 192.219 4.98078
      vertex 223.619 4.98078 4.98078
    endloop
  endfacet
  facet normal -1 0 0
    outer loop
      vertex 223.619 192.219 4.98078
      vertex 223.619 4.98078 10.5451
      vertex 223.619 192.219 72.2192
    endloop
  endfacet
  facet normal -1 0 0
    outer loop
      vertex 223.619 4.83147 10.9056
      vertex 223.619 192.219 72.2192
      vertex 223.619 4.98078 10.5451
    endloop
  endfacet
  facet normal -1 0 0
    outer loop
      vertex 223.619 0 72.2192
      vertex 223.619 4.83147 10.9056
      vertex 223.619 4.55557 11.1815
    endloop
  endfacet
  facet normal -1 0 0
    outer loop
      vertex 223.619 0 72.2192
      vertex 223.619 4.55557 11.1815
      vertex 223.619 4.19509 11.3308
    endloop
  endfacet
  facet normal -1 0 0
    outer loop
      vertex 223.619 0 72.2192
      vertex 223.619 4.19509 11.3308
      vertex 223.619 0 11.3308
    endloop
  endfacet
  facet normal -1 0 0
    outer loop
      vertex 223.619 4.83147 10.9056
      vertex 223.619 0 72.2192
      vertex 223.619 192.219 72.2192
    endloop
  endfacet
  facet normal 0.770462 -0.513641 0.377573
    outer loop
      vertex 202.768 171.382 65.5556
      vertex 202.588 171.112 65.5556
      vertex 202.694 171.006 65.1951
    endloop
  endfacet
  facet normal -0.381426 0.0762851 0.921246
    outer loop
      vertex 198.82 174.275 65.9808
      vertex 198.487 174.413 65.8315
      vertex 198.805 174.2 65.9808
    endloop
  endfacet
  facet normal -0.980581 -0.196116 0
    outer loop
      vertex 198.058 171.505 63.9808
      vertex 198.019 171.7 65.1951
      vertex 198.019 171.7 63.9808
    endloop
  endfacet
  facet normal -0.980581 -0.196116 -0
    outer loop
      vertex 198.094 171.325 65.1951
      vertex 198.058 171.505 63.9808
      vertex 198.094 171.325 63.9061
    endloop
  endfacet
  facet normal -0.980581 -0.196116 4.4061e-15
    outer loop
      vertex 198.058 171.505 63.9808
      vertex 198.094 171.325 65.1951
      vertex 198.019 171.7 65.1951
    endloop
  endfacet
  facet normal 0.980581 -0.196116 0
    outer loop
      vertex 202.906 171.325 65.1951
      vertex 202.981 171.7 8.80491
      vertex 202.981 171.7 65.1951
    endloop
  endfacet
  facet normal 0.980581 -0.196116 0
    outer loop
      vertex 202.981 171.7 8.80491
      vertex 202.906 171.325 65.1951
      vertex 202.906 171.325 8.80491
    endloop
  endfacet
  facet normal 0.70113 -0.141543 0.698843
    outer loop
      vertex 202.556 171.7 65.8315
      vertex 202.513 171.487 65.8315
      vertex 202.831 171.7 65.5556
    endloop
  endfacet
  facet normal 1 -0 0
    outer loop
      vertex 202.981 171.7 65.1951
      vertex 202.981 180.2 30.1951
      vertex 202.981 180.2 65.1951
    endloop
  endfacet
  facet normal 1 0 0
    outer loop
      vertex 202.981 171.7 8.80491
      vertex 202.981 180.2 30.1951
      vertex 202.981 171.7 65.1951
    endloop
  endfacet
  facet normal 1 0 0
    outer loop
      vertex 202.981 180.2 30.1951
      vertex 202.981 171.7 8.80491
      vertex 202.981 176.7 8.80491
    endloop
  endfacet
  facet normal 1 0 0
    outer loop
      vertex 202.981 188.2 30.1951
      vertex 202.981 192.219 65.1951
      vertex 202.981 188.2 65.1951
    endloop
  endfacet
  facet normal 1 0 0
    outer loop
      vertex 202.981 192.219 65.1951
      vertex 202.981 188.2 30.1951
      vertex 202.981 192.219 4.98078
    endloop
  endfacet
  facet normal 1 0 0
    outer loop
      vertex 202.981 176.7 8.80491
      vertex 202.981 188.2 30.1951
      vertex 202.981 180.2 30.1951
    endloop
  endfacet
  facet normal 1 0 0
    outer loop
      vertex 202.981 188.2 30.1951
      vertex 202.981 176.7 8.80491
      vertex 202.981 192.219 4.98078
    endloop
  endfacet
  facet normal 1 0 0
    outer loop
      vertex 202.981 192.219 4.98078
      vertex 202.981 176.7 8.80491
      vertex 202.981 176.7 4.98078
    endloop
  endfacet
  facet normal -0.181583 -0.907917 0.377774
    outer loop
      vertex 199 170.869 65.5556
      vertex 198.625 170.794 65.1951
      vertex 199 170.719 65.1951
    endloop
  endfacet
  facet normal 0 1 0
    outer loop
      vertex 198.319 175.181 63.1951
      vertex 194 175.181 15.1951
      vertex 194 175.181 63.1951
    endloop
  endfacet
  facet normal 0 1 0
    outer loop
      vertex 194 175.181 15.1951
      vertex 198.319 175.181 10.9808
      vertex 53 175.181 15.1951
    endloop
  endfacet
  facet normal 0 1 -0
    outer loop
      vertex 198.319 175.181 10.9808
      vertex 194 175.181 15.1951
      vertex 198.319 175.181 63.1951
    endloop
  endfacet
  facet normal 0 1 -0
    outer loop
      vertex 53 175.181 15.1951
      vertex 48.6808 175.181 63.1951
      vertex 53 175.181 63.1951
    endloop
  endfacet
  facet normal 0 1 0
    outer loop
      vertex 53 175.181 15.1951
      vertex 48.6808 175.181 10.9808
      vertex 48.6808 175.181 63.1951
    endloop
  endfacet
  facet normal 0 1 0
    outer loop
      vertex 48.6808 175.181 10.9808
      vertex 53 175.181 15.1951
      vertex 198.319 175.181 10.9808
    endloop
  endfacet
  facet normal -1 0 0
    outer loop
      vertex 198.019 171.7 63.9808
      vertex 198.019 174.2 65.1951
      vertex 198.019 174.2 63.9808
    endloop
  endfacet
  facet normal -1 -0 0
    outer loop
      vertex 198.019 174.2 65.1951
      vertex 198.019 171.7 63.9808
      vertex 198.019 171.7 65.1951
    endloop
  endfacet
  facet normal -0.215755 -0.323632 0.921256
    outer loop
      vertex 198.862 171.562 65.9808
      vertex 198.607 171.307 65.8315
      vertex 198.925 171.52 65.9808
    endloop
  endfacet
  facet normal -0.90881 0.180047 0.376362
    outer loop
      vertex 198.232 174.518 65.5556
      vertex 198.094 174.575 65.1951
      vertex 198.169 174.2 65.5556
    endloop
  endfacet
  facet normal -0.0761783 0.380891 0.921476
    outer loop
      vertex 198.849 174.621 65.8749
      vertex 198.925 174.38 65.9808
      vertex 199 174.395 65.9808
    endloop
  endfacet
  facet normal -0.0808695 0.37949 0.921655
    outer loop
      vertex 198.925 174.38 65.9808
      vertex 198.849 174.621 65.8749
      vertex 198.814 174.649 65.8603
    endloop
  endfacet
  facet normal -0.907917 0.181583 0.377774
    outer loop
      vertex 198.094 174.575 65.1951
      vertex 198.019 174.2 65.1951
      vertex 198.169 174.2 65.5556
    endloop
  endfacet
  facet normal -0.381426 -0.0762851 0.921246
    outer loop
      vertex 198.805 171.7 65.9808
      vertex 198.487 171.487 65.8315
      vertex 198.82 171.625 65.9808
    endloop
  endfacet
  facet normal -0.833408 -0.552658 0.000298217
    outer loop
      vertex 198.306 171.006 65.1951
      vertex 198.094 171.325 63.9061
      vertex 198.214 171.144 63.8315
    endloop
  endfacet
  facet normal -0.83205 -0.5547 -0
    outer loop
      vertex 198.306 171.006 65.1951
      vertex 198.214 171.144 63.8315
      vertex 198.306 171.006 63.6935
    endloop
  endfacet
  facet normal -0.832853 -0.553495 0
    outer loop
      vertex 198.094 171.325 63.9061
      vertex 198.306 171.006 65.1951
      vertex 198.094 171.325 65.1951
    endloop
  endfacet
  facet normal -0.381046 0.0769248 0.92135
    outer loop
      vertex 198.487 174.413 65.8315
      vertex 198.444 174.2 65.8315
      vertex 198.805 174.2 65.9808
    endloop
  endfacet
  facet normal -0.923266 0 0.384161
    outer loop
      vertex 198.019 171.7 65.1951
      vertex 198.169 174.2 65.5556
      vertex 198.019 174.2 65.1951
    endloop
  endfacet
  facet normal -0.923266 0 0.384161
    outer loop
      vertex 198.169 174.2 65.5556
      vertex 198.019 171.7 65.1951
      vertex 198.169 171.7 65.5556
    endloop
  endfacet
  facet normal -0.83205 0.5547 0
    outer loop
      vertex 198.214 174.756 63.8315
      vertex 198.306 174.894 65.1951
      vertex 198.306 174.894 63.6935
    endloop
  endfacet
  facet normal -0.833408 0.552658 0.000298217
    outer loop
      vertex 198.094 174.575 63.9061
      vertex 198.306 174.894 65.1951
      vertex 198.214 174.756 63.8315
    endloop
  endfacet
  facet normal -0.832853 0.553495 0
    outer loop
      vertex 198.306 174.894 65.1951
      vertex 198.094 174.575 63.9061
      vertex 198.094 174.575 65.1951
    endloop
  endfacet
  facet normal 0.594224 -0.396149 0.699974
    outer loop
      vertex 202.768 171.382 65.5556
      vertex 202.513 171.487 65.8315
      vertex 202.588 171.112 65.5556
    endloop
  endfacet
  facet normal 0.381046 -0.0769248 0.92135
    outer loop
      vertex 202.556 171.7 65.8315
      vertex 202.195 171.7 65.9808
      vertex 202.513 171.487 65.8315
    endloop
  endfacet
  facet normal -0.708261 0 0.705951
    outer loop
      vertex 198.169 171.7 65.5556
      vertex 198.444 174.2 65.8315
      vertex 198.169 174.2 65.5556
    endloop
  endfacet
  facet normal -0.708261 0 0.705951
    outer loop
      vertex 198.444 174.2 65.8315
      vertex 198.169 171.7 65.5556
      vertex 198.444 171.7 65.8315
    endloop
  endfacet
  facet normal 0.832853 -0.553495 0
    outer loop
      vertex 202.694 171.006 65.1951
      vertex 202.906 171.325 8.80491
      vertex 202.906 171.325 65.1951
    endloop
  endfacet
  facet normal 0.832853 -0.553495 0
    outer loop
      vertex 202.906 171.325 8.80491
      vertex 202.694 171.006 65.1951
      vertex 202.694 171.006 8.80491
    endloop
  endfacet
  facet normal -0.215755 0.323632 0.921256
    outer loop
      vertex 198.925 174.38 65.9808
      vertex 198.607 174.593 65.8315
      vertex 198.862 174.338 65.9808
    endloop
  endfacet
  facet normal -0.323632 0.215755 0.921256
    outer loop
      vertex 198.607 174.593 65.8315
      vertex 198.487 174.413 65.8315
      vertex 198.82 174.275 65.9808
    endloop
  endfacet
  facet normal 0 -0.923266 0.384161
    outer loop
      vertex 199 170.719 65.1951
      vertex 202 170.869 65.5556
      vertex 199 170.869 65.5556
    endloop
  endfacet
  facet normal 0 -0.923266 0.384161
    outer loop
      vertex 202 170.869 65.5556
      vertex 199 170.719 65.1951
      vertex 202 170.719 65.1951
    endloop
  endfacet
  facet normal -0.980581 0.196116 0
    outer loop
      vertex 198.058 174.395 63.9808
      vertex 198.094 174.575 65.1951
      vertex 198.094 174.575 63.9061
    endloop
  endfacet
  facet normal -0.980581 0.196116 0
    outer loop
      vertex 198.019 174.2 65.1951
      vertex 198.058 174.395 63.9808
      vertex 198.019 174.2 63.9808
    endloop
  endfacet
  facet normal -0.980581 0.196116 8.99711e-15
    outer loop
      vertex 198.058 174.395 63.9808
      vertex 198.019 174.2 65.1951
      vertex 198.094 174.575 65.1951
    endloop
  endfacet
  facet normal 0.700391 -0.138757 0.700142
    outer loop
      vertex 202.831 171.7 65.5556
      vertex 202.513 171.487 65.8315
      vertex 202.768 171.382 65.5556
    endloop
  endfacet
  facet normal -0.196116 -0.980581 0
    outer loop
      vertex 198.625 170.794 63.3753
      vertex 199 170.719 65.1951
      vertex 198.625 170.794 65.1951
    endloop
  endfacet
  facet normal -0.196116 -0.980581 -0
    outer loop
      vertex 199 170.719 65.1951
      vertex 198.625 170.794 63.3753
      vertex 199 170.719 63.1951
    endloop
  endfacet
  facet normal 0.141543 -0.70113 0.698843
    outer loop
      vertex 202 171.144 65.8315
      vertex 202 170.869 65.5556
      vertex 202.213 171.187 65.8315
    endloop
  endfacet
  facet normal 0.180047 -0.90881 0.376362
    outer loop
      vertex 202.318 170.932 65.5556
      vertex 202 170.869 65.5556
      vertex 202.375 170.794 65.1951
    endloop
  endfacet
  facet normal 0.907917 -0.181583 0.377774
    outer loop
      vertex 202.981 171.7 65.1951
      vertex 202.831 171.7 65.5556
      vertex 202.906 171.325 65.1951
    endloop
  endfacet
  facet normal 0.771588 -0.51278 0.376443
    outer loop
      vertex 202.768 171.382 65.5556
      vertex 202.694 171.006 65.1951
      vertex 202.906 171.325 65.1951
    endloop
  endfacet
  facet normal 0.923266 -0 0.384161
    outer loop
      vertex 202.831 171.7 65.5556
      vertex 202.981 180.2 65.1951
      vertex 202.831 180.2 65.5556
    endloop
  endfacet
  facet normal 0.923266 0 0.384161
    outer loop
      vertex 202.981 180.2 65.1951
      vertex 202.831 171.7 65.5556
      vertex 202.981 171.7 65.1951
    endloop
  endfacet
  facet normal 0.90881 -0.180047 0.376362
    outer loop
      vertex 202.831 171.7 65.5556
      vertex 202.768 171.382 65.5556
      vertex 202.906 171.325 65.1951
    endloop
  endfacet
  facet normal -0.074869 0.381666 0.921263
    outer loop
      vertex 199 174.5 65.9373
      vertex 198.849 174.621 65.8749
      vertex 199 174.395 65.9808
    endloop
  endfacet
  facet normal -0.70113 0.141543 0.698843
    outer loop
      vertex 198.487 174.413 65.8315
      vertex 198.169 174.2 65.5556
      vertex 198.444 174.2 65.8315
    endloop
  endfacet
  facet normal -0.382178 0 0.924089
    outer loop
      vertex 198.444 174.2 65.8315
      vertex 198.805 171.7 65.9808
      vertex 198.805 174.2 65.9808
    endloop
  endfacet
  facet normal -0.382178 0 0.924089
    outer loop
      vertex 198.805 171.7 65.9808
      vertex 198.444 174.2 65.8315
      vertex 198.444 171.7 65.8315
    endloop
  endfacet
  facet normal 0 0.38274 0.923856
    outer loop
      vertex 199 174.5 65.9373
      vertex 199 174.395 65.9808
      vertex 199.105 174.395 65.9808
    endloop
  endfacet
  facet normal 0 0 1
    outer loop
      vertex 202 180.395 65.9808
      vertex 202.195 180.2 65.9808
      vertex 202.18 180.275 65.9808
    endloop
  endfacet
  facet normal 0 0 1
    outer loop
      vertex 202.195 180.2 65.9808
      vertex 199.105 174.395 65.9808
      vertex 202.195 171.7 65.9808
    endloop
  endfacet
  facet normal 0 0 1
    outer loop
      vertex 202 180.395 65.9808
      vertex 202.18 180.275 65.9808
      vertex 202.138 180.338 65.9808
    endloop
  endfacet
  facet normal 0 -0 1
    outer loop
      vertex 202 171.505 65.9808
      vertex 202.195 171.7 65.9808
      vertex 199.105 174.395 65.9808
    endloop
  endfacet
  facet normal 0 0 1
    outer loop
      vertex 202 180.395 65.9808
      vertex 202.138 180.338 65.9808
      vertex 202.075 180.38 65.9808
    endloop
  endfacet
  facet normal 0 0 1
    outer loop
      vertex 202.195 171.7 65.9808
      vertex 202 171.505 65.9808
      vertex 202.18 171.625 65.9808
    endloop
  endfacet
  facet normal 0 0 1
    outer loop
      vertex 202.195 180.2 65.9808
      vertex 202 180.395 65.9808
      vertex 199.105 180.2 65.9808
    endloop
  endfacet
  facet normal 0 0 1
    outer loop
      vertex 202.18 171.625 65.9808
      vertex 202 171.505 65.9808
      vertex 202.138 171.562 65.9808
    endloop
  endfacet
  facet normal 0 0 1
    outer loop
      vertex 199.105 180.2 65.9808
      vertex 202 180.395 65.9808
      vertex 199.3 180.395 65.9808
    endloop
  endfacet
  facet normal 0 0 1
    outer loop
      vertex 199.105 180.2 65.9808
      vertex 199.3 180.395 65.9808
      vertex 199.225 180.38 65.9808
    endloop
  endfacet
  facet normal 0 0 1
    outer loop
      vertex 199.105 180.2 65.9808
      vertex 199.225 180.38 65.9808
      vertex 199.162 180.338 65.9808
    endloop
  endfacet
  facet normal 0 0 1
    outer loop
      vertex 199.105 180.2 65.9808
      vertex 199.162 180.338 65.9808
      vertex 199.12 180.275 65.9808
    endloop
  endfacet
  facet normal 0 0 1
    outer loop
      vertex 202.195 180.2 65.9808
      vertex 199.105 180.2 65.9808
      vertex 199.105 174.395 65.9808
    endloop
  endfacet
  facet normal 0 0 1
    outer loop
      vertex 202.138 171.562 65.9808
      vertex 202 171.505 65.9808
      vertex 202.075 171.52 65.9808
    endloop
  endfacet
  facet normal 0 0 1
    outer loop
      vertex 198.805 174.2 65.9808
      vertex 199.105 174.395 65.9808
      vertex 199 174.395 65.9808
    endloop
  endfacet
  facet normal 0 0 1
    outer loop
      vertex 199.105 174.395 65.9808
      vertex 199 171.505 65.9808
      vertex 202 171.505 65.9808
    endloop
  endfacet
  facet normal 0 0 1
    outer loop
      vertex 198.805 174.2 65.9808
      vertex 199 174.395 65.9808
      vertex 198.925 174.38 65.9808
    endloop
  endfacet
  facet normal 0 0 1
    outer loop
      vertex 198.805 171.7 65.9808
      vertex 199.105 174.395 65.9808
      vertex 198.805 174.2 65.9808
    endloop
  endfacet
  facet normal 0 0 1
    outer loop
      vertex 198.805 174.2 65.9808
      vertex 198.925 174.38 65.9808
      vertex 198.862 174.338 65.9808
    endloop
  endfacet
  facet normal 0 0 1
    outer loop
      vertex 199.105 174.395 65.9808
      vertex 198.805 171.7 65.9808
      vertex 199 171.505 65.9808
    endloop
  endfacet
  facet normal 0 0 1
    outer loop
      vertex 198.805 174.2 65.9808
      vertex 198.862 174.338 65.9808
      vertex 198.82 174.275 65.9808
    endloop
  endfacet
  facet normal 0 0 1
    outer loop
      vertex 199 171.505 65.9808
      vertex 198.805 171.7 65.9808
      vertex 198.925 171.52 65.9808
    endloop
  endfacet
  facet normal 0 0 1
    outer loop
      vertex 198.925 171.52 65.9808
      vertex 198.805 171.7 65.9808
      vertex 198.862 171.562 65.9808
    endloop
  endfacet
  facet normal 0 0 1
    outer loop
      vertex 198.862 171.562 65.9808
      vertex 198.805 171.7 65.9808
      vertex 198.82 171.625 65.9808
    endloop
  endfacet
  facet normal -0.70113 -0.141543 0.698843
    outer loop
      vertex 198.444 171.7 65.8315
      vertex 198.169 171.7 65.5556
      vertex 198.487 171.487 65.8315
    endloop
  endfacet
  facet normal -0.138757 -0.700391 0.700142
    outer loop
      vertex 198.787 171.187 65.8315
      vertex 198.682 170.932 65.5556
      vertex 199 170.869 65.5556
    endloop
  endfacet
  facet normal 0.396149 -0.594224 0.699974
    outer loop
      vertex 202.393 171.307 65.8315
      vertex 202.213 171.187 65.8315
      vertex 202.588 171.112 65.5556
    endloop
  endfacet
  facet normal 0.0762851 -0.381426 0.921246
    outer loop
      vertex 202.075 171.52 65.9808
      vertex 202 171.505 65.9808
      vertex 202.213 171.187 65.8315
    endloop
  endfacet
  facet normal -0.524097 0.851658 0
    outer loop
      vertex 198.319 174.902 65.1951
      vertex 198.306 174.894 63.6935
      vertex 198.306 174.894 65.1951
    endloop
  endfacet
  facet normal -0.524097 0.851658 0
    outer loop
      vertex 198.306 174.894 63.6935
      vertex 198.319 174.902 65.1951
      vertex 198.319 174.902 63.685
    endloop
  endfacet
  facet normal -0.513956 0.770935 0.376176
    outer loop
      vertex 198.328 174.898 65.2154
      vertex 198.412 174.788 65.5556
      vertex 198.469 174.826 65.5556
    endloop
  endfacet
  facet normal -0.489462 0.787105 0.375357
    outer loop
      vertex 198.412 174.788 65.5556
      vertex 198.328 174.898 65.2154
      vertex 198.306 174.894 65.1951
    endloop
  endfacet
  facet normal 0.553495 -0.832853 0
    outer loop
      vertex 202.375 170.794 8.80491
      vertex 202.694 171.006 65.1951
      vertex 202.375 170.794 65.1951
    endloop
  endfacet
  facet normal 0.553495 -0.832853 0
    outer loop
      vertex 202.694 171.006 65.1951
      vertex 202.375 170.794 8.80491
      vertex 202.694 171.006 8.80491
    endloop
  endfacet
  facet normal 0.196116 -0.980581 0
    outer loop
      vertex 202 170.719 8.80491
      vertex 202.375 170.794 65.1951
      vertex 202 170.719 65.1951
    endloop
  endfacet
  facet normal 0.196116 -0.980581 0
    outer loop
      vertex 202.375 170.794 65.1951
      vertex 202 170.719 8.80491
      vertex 202.375 170.794 8.80491
    endloop
  endfacet
  facet normal -0.770462 -0.513641 0.377573
    outer loop
      vertex 198.412 171.112 65.5556
      vertex 198.232 171.382 65.5556
      vertex 198.306 171.006 65.1951
    endloop
  endfacet
  facet normal -0.907917 -0.181583 0.377774
    outer loop
      vertex 198.169 171.7 65.5556
      vertex 198.019 171.7 65.1951
      vertex 198.094 171.325 65.1951
    endloop
  endfacet
  facet normal 0.708261 -0 0.705951
    outer loop
      vertex 202.556 171.7 65.8315
      vertex 202.831 180.2 65.5556
      vertex 202.556 180.2 65.8315
    endloop
  endfacet
  facet normal 0.708261 0 0.705951
    outer loop
      vertex 202.831 180.2 65.5556
      vertex 202.556 171.7 65.8315
      vertex 202.831 171.7 65.5556
    endloop
  endfacet
  facet normal 0.323632 -0.215755 0.921256
    outer loop
      vertex 202.513 171.487 65.8315
      vertex 202.18 171.625 65.9808
      vertex 202.393 171.307 65.8315
    endloop
  endfacet
  facet normal 0.594224 -0.396149 0.699974
    outer loop
      vertex 202.513 171.487 65.8315
      vertex 202.393 171.307 65.8315
      vertex 202.588 171.112 65.5556
    endloop
  endfacet
  facet normal 0.381426 -0.0762851 0.921246
    outer loop
      vertex 202.195 171.7 65.9808
      vertex 202.18 171.625 65.9808
      vertex 202.513 171.487 65.8315
    endloop
  endfacet
  facet normal -0.396149 -0.594224 0.699974
    outer loop
      vertex 198.607 171.307 65.8315
      vertex 198.412 171.112 65.5556
      vertex 198.787 171.187 65.8315
    endloop
  endfacet
  facet normal -0.594224 -0.396149 0.699974
    outer loop
      vertex 198.487 171.487 65.8315
      vertex 198.412 171.112 65.5556
      vertex 198.607 171.307 65.8315
    endloop
  endfacet
  facet normal -0.553495 -0.832853 0
    outer loop
      vertex 198.306 171.006 63.6935
      vertex 198.625 170.794 65.1951
      vertex 198.306 171.006 65.1951
    endloop
  endfacet
  facet normal -0.552105 -0.833774 -0.000425322
    outer loop
      vertex 198.513 170.869 63.5556
      vertex 198.625 170.794 65.1951
      vertex 198.306 171.006 63.6935
    endloop
  endfacet
  facet normal -0.556411 -0.830907 -0
    outer loop
      vertex 198.625 170.794 65.1951
      vertex 198.513 170.869 63.5556
      vertex 198.625 170.794 63.3753
    endloop
  endfacet
  facet normal 0.382178 0 0.924089
    outer loop
      vertex 202.195 180.2 65.9808
      vertex 202.556 171.7 65.8315
      vertex 202.556 180.2 65.8315
    endloop
  endfacet
  facet normal 0.382178 0 0.924089
    outer loop
      vertex 202.556 171.7 65.8315
      vertex 202.195 180.2 65.9808
      vertex 202.195 171.7 65.9808
    endloop
  endfacet
  facet normal -0.396767 0.59515 0.698836
    outer loop
      vertex 198.469 174.826 65.5556
      vertex 198.412 174.788 65.5556
      vertex 198.625 174.746 65.7123
    endloop
  endfacet
  facet normal -0.397891 0.592511 0.700438
    outer loop
      vertex 198.625 174.746 65.7123
      vertex 198.607 174.593 65.8315
      vertex 198.744 174.685 65.8315
    endloop
  endfacet
  facet normal -0.398348 0.592422 0.700254
    outer loop
      vertex 198.607 174.593 65.8315
      vertex 198.625 174.746 65.7123
      vertex 198.412 174.788 65.5556
    endloop
  endfacet
  facet normal -0.214974 0.320125 0.922663
    outer loop
      vertex 198.607 174.593 65.8315
      vertex 198.814 174.649 65.8603
      vertex 198.744 174.685 65.8315
    endloop
  endfacet
  facet normal -0.215734 0.323659 0.921251
    outer loop
      vertex 198.814 174.649 65.8603
      vertex 198.607 174.593 65.8315
      vertex 198.925 174.38 65.9808
    endloop
  endfacet
  facet normal -0.770462 0.513641 0.377573
    outer loop
      vertex 198.306 174.894 65.1951
      vertex 198.232 174.518 65.5556
      vertex 198.412 174.788 65.5556
    endloop
  endfacet
  facet normal -0.771588 0.51278 0.376443
    outer loop
      vertex 198.306 174.894 65.1951
      vertex 198.094 174.575 65.1951
      vertex 198.232 174.518 65.5556
    endloop
  endfacet
  facet normal -0.594224 0.396149 0.699974
    outer loop
      vertex 198.607 174.593 65.8315
      vertex 198.412 174.788 65.5556
      vertex 198.487 174.413 65.8315
    endloop
  endfacet
  facet normal -0.381046 -0.0769248 0.92135
    outer loop
      vertex 198.805 171.7 65.9808
      vertex 198.444 171.7 65.8315
      vertex 198.487 171.487 65.8315
    endloop
  endfacet
  facet normal -0.594224 -0.396149 0.699974
    outer loop
      vertex 198.487 171.487 65.8315
      vertex 198.232 171.382 65.5556
      vertex 198.412 171.112 65.5556
    endloop
  endfacet
  facet normal -0.700391 -0.138757 0.700142
    outer loop
      vertex 198.487 171.487 65.8315
      vertex 198.169 171.7 65.5556
      vertex 198.232 171.382 65.5556
    endloop
  endfacet
  facet normal -0.51278 -0.771588 0.376443
    outer loop
      vertex 198.682 170.932 65.5556
      vertex 198.306 171.006 65.1951
      vertex 198.625 170.794 65.1951
    endloop
  endfacet
  facet normal -0.180047 -0.90881 0.376362
    outer loop
      vertex 198.682 170.932 65.5556
      vertex 198.625 170.794 65.1951
      vertex 199 170.869 65.5556
    endloop
  endfacet
  facet normal 0.323632 -0.215755 0.921256
    outer loop
      vertex 202.18 171.625 65.9808
      vertex 202.138 171.562 65.9808
      vertex 202.393 171.307 65.8315
    endloop
  endfacet
  facet normal 0 -0.708261 0.705951
    outer loop
      vertex 199 170.869 65.5556
      vertex 202 171.144 65.8315
      vertex 199 171.144 65.8315
    endloop
  endfacet
  facet normal 0 -0.708261 0.705951
    outer loop
      vertex 202 171.144 65.8315
      vertex 199 170.869 65.5556
      vertex 202 170.869 65.5556
    endloop
  endfacet
  facet normal 0.181583 -0.907917 0.377774
    outer loop
      vertex 202 170.869 65.5556
      vertex 202 170.719 65.1951
      vertex 202.375 170.794 65.1951
    endloop
  endfacet
  facet normal -0.486583 0.790698 0.371529
    outer loop
      vertex 198.319 174.902 65.1951
      vertex 198.306 174.894 65.1951
      vertex 198.328 174.898 65.2154
    endloop
  endfacet
  facet normal -0.594224 0.396149 0.699974
    outer loop
      vertex 198.412 174.788 65.5556
      vertex 198.232 174.518 65.5556
      vertex 198.487 174.413 65.8315
    endloop
  endfacet
  facet normal -0.700391 0.138757 0.700142
    outer loop
      vertex 198.232 174.518 65.5556
      vertex 198.169 174.2 65.5556
      vertex 198.487 174.413 65.8315
    endloop
  endfacet
  facet normal -0.323632 0.215755 0.921256
    outer loop
      vertex 198.862 174.338 65.9808
      vertex 198.607 174.593 65.8315
      vertex 198.82 174.275 65.9808
    endloop
  endfacet
  facet normal -0.323632 -0.215755 0.921256
    outer loop
      vertex 198.82 171.625 65.9808
      vertex 198.487 171.487 65.8315
      vertex 198.607 171.307 65.8315
    endloop
  endfacet
  facet normal -0.323632 -0.215755 0.921256
    outer loop
      vertex 198.82 171.625 65.9808
      vertex 198.607 171.307 65.8315
      vertex 198.862 171.562 65.9808
    endloop
  endfacet
  facet normal -0.90881 -0.180047 0.376362
    outer loop
      vertex 198.169 171.7 65.5556
      vertex 198.094 171.325 65.1951
      vertex 198.232 171.382 65.5556
    endloop
  endfacet
  facet normal -0.771588 -0.51278 0.376443
    outer loop
      vertex 198.232 171.382 65.5556
      vertex 198.094 171.325 65.1951
      vertex 198.306 171.006 65.1951
    endloop
  endfacet
  facet normal -0.396149 -0.594224 0.699974
    outer loop
      vertex 198.787 171.187 65.8315
      vertex 198.412 171.112 65.5556
      vertex 198.682 170.932 65.5556
    endloop
  endfacet
  facet normal -0.513641 -0.770462 0.377573
    outer loop
      vertex 198.412 171.112 65.5556
      vertex 198.306 171.006 65.1951
      vertex 198.682 170.932 65.5556
    endloop
  endfacet
  facet normal -0.141543 -0.70113 0.698843
    outer loop
      vertex 199 171.144 65.8315
      vertex 198.787 171.187 65.8315
      vertex 199 170.869 65.5556
    endloop
  endfacet
  facet normal -0.215755 -0.323632 0.921256
    outer loop
      vertex 198.925 171.52 65.9808
      vertex 198.607 171.307 65.8315
      vertex 198.787 171.187 65.8315
    endloop
  endfacet
  facet normal 0.51278 -0.771588 0.376443
    outer loop
      vertex 202.694 171.006 65.1951
      vertex 202.318 170.932 65.5556
      vertex 202.375 170.794 65.1951
    endloop
  endfacet
  facet normal 0.513641 -0.770462 0.377573
    outer loop
      vertex 202.588 171.112 65.5556
      vertex 202.318 170.932 65.5556
      vertex 202.694 171.006 65.1951
    endloop
  endfacet
  facet normal 0.0769248 -0.381046 0.92135
    outer loop
      vertex 202 171.505 65.9808
      vertex 202 171.144 65.8315
      vertex 202.213 171.187 65.8315
    endloop
  endfacet
  facet normal 0.215755 -0.323632 0.921256
    outer loop
      vertex 202.393 171.307 65.8315
      vertex 202.075 171.52 65.9808
      vertex 202.213 171.187 65.8315
    endloop
  endfacet
  facet normal 0.215755 -0.323632 0.921256
    outer loop
      vertex 202.138 171.562 65.9808
      vertex 202.075 171.52 65.9808
      vertex 202.393 171.307 65.8315
    endloop
  endfacet
  facet normal -0.0762851 -0.381426 0.921246
    outer loop
      vertex 198.925 171.52 65.9808
      vertex 198.787 171.187 65.8315
      vertex 199 171.505 65.9808
    endloop
  endfacet
  facet normal 0.138757 -0.700391 0.700142
    outer loop
      vertex 202.213 171.187 65.8315
      vertex 202 170.869 65.5556
      vertex 202.318 170.932 65.5556
    endloop
  endfacet
  facet normal 0.396149 -0.594224 0.699974
    outer loop
      vertex 202.588 171.112 65.5556
      vertex 202.213 171.187 65.8315
      vertex 202.318 170.932 65.5556
    endloop
  endfacet
  facet normal -0.0769248 -0.381046 0.92135
    outer loop
      vertex 199 171.505 65.9808
      vertex 198.787 171.187 65.8315
      vertex 199 171.144 65.8315
    endloop
  endfacet
  facet normal 0 -0.382178 0.924089
    outer loop
      vertex 199 171.505 65.9808
      vertex 202 171.144 65.8315
      vertex 202 171.505 65.9808
    endloop
  endfacet
  facet normal 0 -0.382178 0.924089
    outer loop
      vertex 202 171.144 65.8315
      vertex 199 171.505 65.9808
      vertex 199 171.144 65.8315
    endloop
  endfacet
  facet normal -1 0 0
    outer loop
      vertex 198.019 195.031 10.5556
      vertex 198.019 198.219 72.2192
      vertex 198.019 198.219 4.98078
    endloop
  endfacet
  facet normal -1 0 0
    outer loop
      vertex 198.019 194.8 10.787
      vertex 198.019 198.219 72.2192
      vertex 198.019 195.031 10.5556
    endloop
  endfacet
  facet normal -1 -0 0
    outer loop
      vertex 198.019 198.219 72.2192
      vertex 198.019 194.8 10.787
      vertex 198.019 197.005 72.2192
    endloop
  endfacet
  facet normal -1 -0 0
    outer loop
      vertex 198.019 197.005 72.2192
      vertex 198.019 194.8 10.787
      vertex 198.019 196.644 72.3685
    endloop
  endfacet
  facet normal -1 0 0
    outer loop
      vertex 198.019 195.181 10.1951
      vertex 198.019 198.219 4.98078
      vertex 198.019 195.181 4.98078
    endloop
  endfacet
  facet normal -1 0 0
    outer loop
      vertex 198.019 195.031 10.5556
      vertex 198.019 198.219 4.98078
      vertex 198.019 195.181 10.1951
    endloop
  endfacet
  facet normal -1 -0 0
    outer loop
      vertex 198.019 196.644 72.3685
      vertex 198.019 194.8 10.787
      vertex 198.019 196.369 72.6444
    endloop
  endfacet
  facet normal -1 -0 0
    outer loop
      vertex 198.019 196.369 72.6444
      vertex 198.019 194.8 10.787
      vertex 198.019 196.219 73.0049
    endloop
  endfacet
  facet normal -1 0 0
    outer loop
      vertex 198.019 194.8 76.2
      vertex 198.019 196.219 73.0049
      vertex 198.019 194.8 10.787
    endloop
  endfacet
  facet normal -1 0 0
    outer loop
      vertex 198.019 196.219 73.0049
      vertex 198.019 194.8 76.2
      vertex 198.019 196.219 76.2
    endloop
  endfacet
  facet normal 0.830907 -0.556411 0
    outer loop
      vertex 202.831 176.213 8.44443
      vertex 202.906 176.325 4.98078
      vertex 202.906 176.325 8.62467
    endloop
  endfacet
  facet normal 0.833842 -0.552004 0.000206062
    outer loop
      vertex 202.694 176.006 8.30648
      vertex 202.906 176.325 4.98078
      vertex 202.831 176.213 8.44443
    endloop
  endfacet
  facet normal 0.832853 -0.553495 0
    outer loop
      vertex 202.906 176.325 4.98078
      vertex 202.694 176.006 8.30648
      vertex 202.694 176.006 4.98078
    endloop
  endfacet
  facet normal -0.554979 -0.831865 0
    outer loop
      vertex 44.3065 176.006 4.98078
      vertex 44.4444 175.914 8.16853
      vertex 44.3065 176.006 8.30648
    endloop
  endfacet
  facet normal -0.554077 -0.832465 -5.6347e-05
    outer loop
      vertex 44.3065 176.006 4.98078
      vertex 44.6247 175.794 8.09387
      vertex 44.4444 175.914 8.16853
    endloop
  endfacet
  facet normal -0.554459 -0.832211 -0
    outer loop
      vertex 44.6247 175.794 8.09387
      vertex 44.3065 176.006 4.98078
      vertex 44.6247 175.794 4.98078
    endloop
  endfacet
  facet normal -0.832279 -0.554357 0
    outer loop
      vertex 44.0939 176.325 4.98078
      vertex 44.1685 176.213 8.44443
      vertex 44.0939 176.325 8.62467
    endloop
  endfacet
  facet normal -0.832131 -0.55458 -0
    outer loop
      vertex 44.3065 176.006 8.30648
      vertex 44.0939 176.325 4.98078
      vertex 44.3065 176.006 4.98078
    endloop
  endfacet
  facet normal -0.832055 -0.554693 -1.56772e-05
    outer loop
      vertex 44.0939 176.325 4.98078
      vertex 44.3065 176.006 8.30648
      vertex 44.1685 176.213 8.44443
    endloop
  endfacet
  facet normal -0.980731 -0.195362 -0
    outer loop
      vertex 44.0939 176.325 8.62467
      vertex 44.0192 176.7 4.98078
      vertex 44.0939 176.325 4.98078
    endloop
  endfacet
  facet normal -0.980731 -0.195362 0
    outer loop
      vertex 44.0192 176.7 4.98078
      vertex 44.0939 176.325 8.62467
      vertex 44.0192 176.7 8.80491
    endloop
  endfacet
  facet normal -0.195907 -0.980623 0
    outer loop
      vertex 44.6247 175.794 4.98078
      vertex 44.8049 175.758 8.01922
      vertex 44.6247 175.794 8.09387
    endloop
  endfacet
  facet normal -0.195965 -0.980611 3.61174e-06
    outer loop
      vertex 45 175.719 4.98078
      vertex 44.8049 175.758 8.01922
      vertex 44.6247 175.794 4.98078
    endloop
  endfacet
  facet normal -0.196019 -0.9806 0
    outer loop
      vertex 44.8049 175.758 8.01922
      vertex 45 175.719 4.98078
      vertex 45 175.719 8.01922
    endloop
  endfacet
  facet normal 0.196116 -0.980581 0
    outer loop
      vertex 202 175.719 8.01922
      vertex 202 175.719 4.98078
      vertex 202.195 175.758 8.01922
    endloop
  endfacet
  facet normal 0.196116 -0.980581 2.64095e-15
    outer loop
      vertex 202.375 175.794 4.98078
      vertex 202.195 175.758 8.01922
      vertex 202 175.719 4.98078
    endloop
  endfacet
  facet normal 0.196116 -0.980581 0
    outer loop
      vertex 202.195 175.758 8.01922
      vertex 202.375 175.794 4.98078
      vertex 202.375 175.794 8.09387
    endloop
  endfacet
  facet normal 0.553495 -0.832853 0
    outer loop
      vertex 202.694 176.006 4.98078
      vertex 202.375 175.794 8.09387
      vertex 202.375 175.794 4.98078
    endloop
  endfacet
  facet normal 0.552611 -0.83344 -0.000130561
    outer loop
      vertex 202.375 175.794 8.09387
      vertex 202.694 176.006 4.98078
      vertex 202.556 175.914 8.16853
    endloop
  endfacet
  facet normal 0.5547 -0.83205 0
    outer loop
      vertex 202.556 175.914 8.16853
      vertex 202.694 176.006 4.98078
      vertex 202.694 176.006 8.30648
    endloop
  endfacet
  facet normal 0.980581 -0.196116 0
    outer loop
      vertex 202.906 176.325 8.62467
      vertex 202.981 176.7 4.98078
      vertex 202.981 176.7 8.80491
    endloop
  endfacet
  facet normal 0.980581 -0.196116 0
    outer loop
      vertex 202.981 176.7 4.98078
      vertex 202.906 176.325 8.62467
      vertex 202.906 176.325 4.98078
    endloop
  endfacet
  facet normal -1 0 0
    outer loop
      vertex 44.0192 169.7 4.98078
      vertex 44.0192 171.65 6.19509
      vertex 44.0192 171.65 4.98078
    endloop
  endfacet
  facet normal -1 -0 0
    outer loop
      vertex 44.0192 171.65 6.19509
      vertex 44.0192 169.7 4.98078
      vertex 44.0192 169.7 6.19509
    endloop
  endfacet
  facet normal -0.554459 0.832211 0
    outer loop
      vertex 44.6247 172.556 4.98078
      vertex 44.3065 172.344 6.19509
      vertex 44.6247 172.556 6.19509
    endloop
  endfacet
  facet normal -0.554459 0.832211 0
    outer loop
      vertex 44.3065 172.344 6.19509
      vertex 44.6247 172.556 4.98078
      vertex 44.3065 172.344 4.98078
    endloop
  endfacet
  facet normal 0 0 1
    outer loop
      vertex 202 171.845 6.98078
      vertex 202.195 171.65 6.98078
      vertex 202.18 171.725 6.98078
    endloop
  endfacet
  facet normal 0 0 1
    outer loop
      vertex 202.195 171.65 6.98078
      vertex 202 171.845 6.98078
      vertex 202.195 169.7 6.98078
    endloop
  endfacet
  facet normal 0 0 1
    outer loop
      vertex 202 171.845 6.98078
      vertex 202.18 171.725 6.98078
      vertex 202.138 171.788 6.98078
    endloop
  endfacet
  facet normal 0 0 1
    outer loop
      vertex 202 169.505 6.98078
      vertex 202.195 169.7 6.98078
      vertex 202 171.845 6.98078
    endloop
  endfacet
  facet normal 0 0 1
    outer loop
      vertex 202 171.845 6.98078
      vertex 202.138 171.788 6.98078
      vertex 202.075 171.83 6.98078
    endloop
  endfacet
  facet normal 0 0 1
    outer loop
      vertex 202.195 169.7 6.98078
      vertex 202 169.505 6.98078
      vertex 202.18 169.625 6.98078
    endloop
  endfacet
  facet normal 0 0 1
    outer loop
      vertex 202.18 169.625 6.98078
      vertex 202 169.505 6.98078
      vertex 202.138 169.562 6.98078
    endloop
  endfacet
  facet normal 0 0 1
    outer loop
      vertex 202.138 169.562 6.98078
      vertex 202 169.505 6.98078
      vertex 202.075 169.52 6.98078
    endloop
  endfacet
  facet normal -0 0 1
    outer loop
      vertex 45 171.845 6.98078
      vertex 202 169.505 6.98078
      vertex 202 171.845 6.98078
    endloop
  endfacet
  facet normal 0 0 1
    outer loop
      vertex 45 171.845 6.98078
      vertex 45 169.505 6.98078
      vertex 202 169.505 6.98078
    endloop
  endfacet
  facet normal 0 0 1
    outer loop
      vertex 44.8049 171.65 6.98078
      vertex 45 171.845 6.98078
      vertex 44.9253 171.83 6.98078
    endloop
  endfacet
  facet normal 0 0 1
    outer loop
      vertex 45 171.845 6.98078
      vertex 44.8049 171.65 6.98078
      vertex 45 169.505 6.98078
    endloop
  endfacet
  facet normal 0 0 1
    outer loop
      vertex 44.8049 171.65 6.98078
      vertex 44.9253 171.83 6.98078
      vertex 44.8621 171.788 6.98078
    endloop
  endfacet
  facet normal -0 0 1
    outer loop
      vertex 44.8049 169.7 6.98078
      vertex 45 169.505 6.98078
      vertex 44.8049 171.65 6.98078
    endloop
  endfacet
  facet normal 0 0 1
    outer loop
      vertex 44.8049 171.65 6.98078
      vertex 44.8621 171.788 6.98078
      vertex 44.8198 171.725 6.98078
    endloop
  endfacet
  facet normal 0 0 1
    outer loop
      vertex 45 169.505 6.98078
      vertex 44.8049 169.7 6.98078
      vertex 44.9253 169.52 6.98078
    endloop
  endfacet
  facet normal 0 0 1
    outer loop
      vertex 44.9253 169.52 6.98078
      vertex 44.8049 169.7 6.98078
      vertex 44.8621 169.562 6.98078
    endloop
  endfacet
  facet normal 0 0 1
    outer loop
      vertex 44.8621 169.562 6.98078
      vertex 44.8049 169.7 6.98078
      vertex 44.8198 169.625 6.98078
    endloop
  endfacet
  facet normal 0 -0.708261 0.705951
    outer loop
      vertex 45 168.869 6.55557
      vertex 202 169.144 6.83147
      vertex 45 169.144 6.83147
    endloop
  endfacet
  facet normal 0 -0.708261 0.705951
    outer loop
      vertex 202 169.144 6.83147
      vertex 45 168.869 6.55557
      vertex 202 168.869 6.55557
    endloop
  endfacet
  facet normal 0.181582 0.90791 0.377792
    outer loop
      vertex 202 172.631 6.19509
      vertex 202 172.481 6.55557
      vertex 202.375 172.556 6.19509
    endloop
  endfacet
  facet normal 0 1 -0
    outer loop
      vertex 45.2658 172.631 4.93078
      vertex 45 172.631 6.19509
      vertex 201.734 172.631 4.93078
    endloop
  endfacet
  facet normal 0 1 0
    outer loop
      vertex 45 172.631 6.19509
      vertex 45.2658 172.631 4.93078
      vertex 45.1451 172.631 4.98078
    endloop
  endfacet
  facet normal 0 1 0
    outer loop
      vertex 201.855 172.631 4.98078
      vertex 202 172.631 6.19509
      vertex 202 172.631 4.98078
    endloop
  endfacet
  facet normal 0 1 0
    outer loop
      vertex 201.734 172.631 4.93078
      vertex 202 172.631 6.19509
      vertex 201.855 172.631 4.98078
    endloop
  endfacet
  facet normal 0 1 0
    outer loop
      vertex 202 172.631 6.19509
      vertex 201.734 172.631 4.93078
      vertex 45 172.631 6.19509
    endloop
  endfacet
  facet normal 0 1 0
    outer loop
      vertex 45 172.631 6.19509
      vertex 45.1451 172.631 4.98078
      vertex 45 172.631 4.98078
    endloop
  endfacet
  facet normal 0.513637 0.770456 0.377591
    outer loop
      vertex 202.694 172.344 6.19509
      vertex 202.318 172.418 6.55557
      vertex 202.588 172.238 6.55557
    endloop
  endfacet
  facet normal 0.381447 -0.0762895 0.921237
    outer loop
      vertex 202.195 169.7 6.98078
      vertex 202.18 169.625 6.98078
      vertex 202.513 169.487 6.83147
    endloop
  endfacet
  facet normal 0.141543 -0.70113 0.698843
    outer loop
      vertex 202 169.144 6.83147
      vertex 202 168.869 6.55557
      vertex 202.213 169.187 6.83147
    endloop
  endfacet
  facet normal -0.181442 -0.907934 0.377802
    outer loop
      vertex 45 168.869 6.55557
      vertex 44.6247 168.794 6.19509
      vertex 45 168.719 6.19509
    endloop
  endfacet
  facet normal -0.323275 0.216415 0.921226
    outer loop
      vertex 44.6072 172.043 6.83147
      vertex 44.4867 171.863 6.83147
      vertex 44.8198 171.725 6.98078
    endloop
  endfacet
  facet normal 0.138757 0.700391 0.700142
    outer loop
      vertex 202.318 172.418 6.55557
      vertex 202 172.481 6.55557
      vertex 202.213 172.163 6.83147
    endloop
  endfacet
  facet normal 0.700391 0.138757 0.700142
    outer loop
      vertex 202.768 171.968 6.55557
      vertex 202.513 171.863 6.83147
      vertex 202.831 171.65 6.55557
    endloop
  endfacet
  facet normal 0 -0.923259 0.384179
    outer loop
      vertex 45 168.719 6.19509
      vertex 202 168.869 6.55557
      vertex 45 168.869 6.55557
    endloop
  endfacet
  facet normal 0 -0.923259 0.384179
    outer loop
      vertex 202 168.869 6.55557
      vertex 45 168.719 6.19509
      vertex 202 168.719 6.19509
    endloop
  endfacet
  facet normal 0.180046 -0.908802 0.37638
    outer loop
      vertex 202.318 168.932 6.55557
      vertex 202 168.869 6.55557
      vertex 202.375 168.794 6.19509
    endloop
  endfacet
  facet normal 0.196116 -0.980581 0
    outer loop
      vertex 202 168.719 4.98078
      vertex 202.375 168.794 6.19509
      vertex 202 168.719 6.19509
    endloop
  endfacet
  facet normal 0.196116 -0.980581 0
    outer loop
      vertex 202.375 168.794 6.19509
      vertex 202 168.719 4.98078
      vertex 202.375 168.794 4.98078
    endloop
  endfacet
  facet normal -0.382653 0 0.923892
    outer loop
      vertex 44.4444 171.65 6.83147
      vertex 44.8049 169.7 6.98078
      vertex 44.8049 171.65 6.98078
    endloop
  endfacet
  facet normal -0.382653 0 0.923892
    outer loop
      vertex 44.8049 169.7 6.98078
      vertex 44.4444 171.65 6.83147
      vertex 44.4444 169.7 6.83147
    endloop
  endfacet
  facet normal -0.980731 -0.195362 0
    outer loop
      vertex 44.0939 169.325 4.98078
      vertex 44.0192 169.7 6.19509
      vertex 44.0192 169.7 4.98078
    endloop
  endfacet
  facet normal -0.980731 -0.195362 0
    outer loop
      vertex 44.0192 169.7 6.19509
      vertex 44.0939 169.325 4.98078
      vertex 44.0939 169.325 6.19509
    endloop
  endfacet
  facet normal 0 -0.3822 0.92408
    outer loop
      vertex 45 169.505 6.98078
      vertex 202 169.144 6.83147
      vertex 202 169.505 6.98078
    endloop
  endfacet
  facet normal 0 -0.3822 0.92408
    outer loop
      vertex 202 169.144 6.83147
      vertex 45 169.505 6.98078
      vertex 45 169.144 6.83147
    endloop
  endfacet
  facet normal -0.323275 -0.216415 0.921226
    outer loop
      vertex 44.8198 169.625 6.98078
      vertex 44.4867 169.487 6.83147
      vertex 44.6072 169.307 6.83147
    endloop
  endfacet
  facet normal 0.832853 0.553495 0
    outer loop
      vertex 202.906 172.025 6.19509
      vertex 202.694 172.344 4.98078
      vertex 202.694 172.344 6.19509
    endloop
  endfacet
  facet normal 0.832853 0.553495 0
    outer loop
      vertex 202.694 172.344 4.98078
      vertex 202.906 172.025 6.19509
      vertex 202.906 172.025 4.98078
    endloop
  endfacet
  facet normal 0.90791 0.181582 0.377792
    outer loop
      vertex 202.906 172.025 6.19509
      vertex 202.831 171.65 6.55557
      vertex 202.981 171.65 6.19509
    endloop
  endfacet
  facet normal -0.771003 0.513841 0.376194
    outer loop
      vertex 44.3065 172.344 6.19509
      vertex 44.0939 172.025 6.19509
      vertex 44.2318 171.968 6.55557
    endloop
  endfacet
  facet normal 0.512775 0.771582 0.376461
    outer loop
      vertex 202.375 172.556 6.19509
      vertex 202.318 172.418 6.55557
      vertex 202.694 172.344 6.19509
    endloop
  endfacet
  facet normal 0.181582 -0.90791 0.377792
    outer loop
      vertex 202 168.869 6.55557
      vertex 202 168.719 6.19509
      vertex 202.375 168.794 6.19509
    endloop
  endfacet
  facet normal -0.179934 -0.90881 0.376415
    outer loop
      vertex 44.6818 168.932 6.55557
      vertex 44.6247 168.794 6.19509
      vertex 45 168.869 6.55557
    endloop
  endfacet
  facet normal -0.195965 -0.980611 0
    outer loop
      vertex 44.6247 168.794 4.98078
      vertex 45 168.719 6.19509
      vertex 44.6247 168.794 6.19509
    endloop
  endfacet
  facet normal -0.195965 -0.980611 -0
    outer loop
      vertex 45 168.719 6.19509
      vertex 44.6247 168.794 4.98078
      vertex 45 168.719 4.98078
    endloop
  endfacet
  facet normal -0.832131 -0.55458 0
    outer loop
      vertex 44.3065 169.006 4.98078
      vertex 44.0939 169.325 6.19509
      vertex 44.0939 169.325 4.98078
    endloop
  endfacet
  facet normal -0.832131 -0.55458 0
    outer loop
      vertex 44.0939 169.325 6.19509
      vertex 44.3065 169.006 4.98078
      vertex 44.3065 169.006 6.19509
    endloop
  endfacet
  facet normal 0.0769292 -0.381068 0.921341
    outer loop
      vertex 202 169.505 6.98078
      vertex 202 169.144 6.83147
      vertex 202.213 169.187 6.83147
    endloop
  endfacet
  facet normal 0.90791 -0.181582 0.377792
    outer loop
      vertex 202.981 169.7 6.19509
      vertex 202.831 169.7 6.55557
      vertex 202.906 169.325 6.19509
    endloop
  endfacet
  facet normal -0.700328 0.139405 0.700076
    outer loop
      vertex 44.2318 171.968 6.55557
      vertex 44.1685 171.65 6.55557
      vertex 44.4867 171.863 6.83147
    endloop
  endfacet
  facet normal -0.077073 -0.381063 0.921331
    outer loop
      vertex 45 169.505 6.98078
      vertex 44.7874 169.187 6.83147
      vertex 45 169.144 6.83147
    endloop
  endfacet
  facet normal -0.908634 -0.181 0.376329
    outer loop
      vertex 44.1685 169.7 6.55557
      vertex 44.0192 169.7 6.19509
      vertex 44.0939 169.325 6.19509
    endloop
  endfacet
  facet normal 0.396149 0.594224 0.699974
    outer loop
      vertex 202.318 172.418 6.55557
      vertex 202.213 172.163 6.83147
      vertex 202.588 172.238 6.55557
    endloop
  endfacet
  facet normal 0.180046 0.908802 0.37638
    outer loop
      vertex 202.375 172.556 6.19509
      vertex 202 172.481 6.55557
      vertex 202.318 172.418 6.55557
    endloop
  endfacet
  facet normal 0.908802 -0.180046 0.37638
    outer loop
      vertex 202.831 169.7 6.55557
      vertex 202.768 169.382 6.55557
      vertex 202.906 169.325 6.19509
    endloop
  endfacet
  facet normal -0.594054 0.396696 0.699809
    outer loop
      vertex 44.4121 172.238 6.55557
      vertex 44.2318 171.968 6.55557
      vertex 44.4867 171.863 6.83147
    endloop
  endfacet
  facet normal 0 -1 0
    outer loop
      vertex 53.3158 168.719 4.93078
      vertex 193.805 168.719 4.98078
      vertex 53.1951 168.719 4.98078
    endloop
  endfacet
  facet normal 0 -1 0
    outer loop
      vertex 193.805 168.719 4.98078
      vertex 53.3158 168.719 4.93078
      vertex 193.684 168.719 4.93078
    endloop
  endfacet
  facet normal 0 -1 0
    outer loop
      vertex 53.1951 168.719 4.98078
      vertex 45 168.719 6.19509
      vertex 45 168.719 4.98078
    endloop
  endfacet
  facet normal 0 -1 0
    outer loop
      vertex 45 168.719 6.19509
      vertex 53.1951 168.719 4.98078
      vertex 202 168.719 6.19509
    endloop
  endfacet
  facet normal 0 -1 0
    outer loop
      vertex 193.805 168.719 4.98078
      vertex 202 168.719 6.19509
      vertex 53.1951 168.719 4.98078
    endloop
  endfacet
  facet normal 0 -1 -0
    outer loop
      vertex 202 168.719 6.19509
      vertex 193.805 168.719 4.98078
      vertex 202 168.719 4.98078
    endloop
  endfacet
  facet normal 0.215767 -0.32365 0.921247
    outer loop
      vertex 202.393 169.307 6.83147
      vertex 202.075 169.52 6.98078
      vertex 202.213 169.187 6.83147
    endloop
  endfacet
  facet normal 0.594224 -0.396149 0.699974
    outer loop
      vertex 202.513 169.487 6.83147
      vertex 202.393 169.307 6.83147
      vertex 202.588 169.112 6.55557
    endloop
  endfacet
  facet normal 0.32365 -0.215767 0.921247
    outer loop
      vertex 202.18 169.625 6.98078
      vertex 202.138 169.562 6.98078
      vertex 202.393 169.307 6.83147
    endloop
  endfacet
  facet normal 0.215767 -0.32365 0.921247
    outer loop
      vertex 202.138 169.562 6.98078
      vertex 202.075 169.52 6.98078
      vertex 202.393 169.307 6.83147
    endloop
  endfacet
  facet normal -0.322824 -0.216753 0.921305
    outer loop
      vertex 44.8198 169.625 6.98078
      vertex 44.6072 169.307 6.83147
      vertex 44.8621 169.562 6.98078
    endloop
  endfacet
  facet normal -0.138645 0.700268 0.700287
    outer loop
      vertex 45 172.481 6.55557
      vertex 44.6818 172.418 6.55557
      vertex 44.7874 172.163 6.83147
    endloop
  endfacet
  facet normal -0.908702 -0.180883 0.376221
    outer loop
      vertex 44.1685 169.7 6.55557
      vertex 44.0939 169.325 6.19509
      vertex 44.2318 169.382 6.55557
    endloop
  endfacet
  facet normal -0.832131 0.55458 0
    outer loop
      vertex 44.0939 172.025 4.98078
      vertex 44.3065 172.344 6.19509
      vertex 44.3065 172.344 4.98078
    endloop
  endfacet
  facet normal -0.832131 0.55458 0
    outer loop
      vertex 44.3065 172.344 6.19509
      vertex 44.0939 172.025 4.98078
      vertex 44.0939 172.025 6.19509
    endloop
  endfacet
  facet normal 0.923259 -0 0.384179
    outer loop
      vertex 202.831 169.7 6.55557
      vertex 202.981 171.65 6.19509
      vertex 202.831 171.65 6.55557
    endloop
  endfacet
  facet normal 0.923259 0 0.384179
    outer loop
      vertex 202.981 171.65 6.19509
      vertex 202.831 169.7 6.55557
      vertex 202.981 169.7 6.19509
    endloop
  endfacet
  facet normal 0.396149 0.594224 0.699974
    outer loop
      vertex 202.588 172.238 6.55557
      vertex 202.213 172.163 6.83147
      vertex 202.393 172.043 6.83147
    endloop
  endfacet
  facet normal 0.32365 0.215767 0.921247
    outer loop
      vertex 202.393 172.043 6.83147
      vertex 202.138 171.788 6.98078
      vertex 202.18 171.725 6.98078
    endloop
  endfacet
  facet normal -0.077073 0.381063 0.921331
    outer loop
      vertex 45 172.206 6.83147
      vertex 44.7874 172.163 6.83147
      vertex 45 171.845 6.98078
    endloop
  endfacet
  facet normal -0 0.3822 0.92408
    outer loop
      vertex 45 172.206 6.83147
      vertex 202 171.845 6.98078
      vertex 202 172.206 6.83147
    endloop
  endfacet
  facet normal 0 0.3822 0.92408
    outer loop
      vertex 202 171.845 6.98078
      vertex 45 172.206 6.83147
      vertex 45 171.845 6.98078
    endloop
  endfacet
  facet normal 0.32365 -0.215767 0.921247
    outer loop
      vertex 202.513 169.487 6.83147
      vertex 202.18 169.625 6.98078
      vertex 202.393 169.307 6.83147
    endloop
  endfacet
  facet normal 0 0.923259 0.384179
    outer loop
      vertex 202 172.631 6.19509
      vertex 45 172.481 6.55557
      vertex 202 172.481 6.55557
    endloop
  endfacet
  facet normal 0 0.923259 0.384179
    outer loop
      vertex 45 172.481 6.55557
      vertex 202 172.631 6.19509
      vertex 45 172.631 6.19509
    endloop
  endfacet
  facet normal -0.322824 0.216753 0.921305
    outer loop
      vertex 44.8621 171.788 6.98078
      vertex 44.6072 172.043 6.83147
      vertex 44.8198 171.725 6.98078
    endloop
  endfacet
  facet normal -0.980731 0.195362 0
    outer loop
      vertex 44.0192 171.65 4.98078
      vertex 44.0939 172.025 6.19509
      vertex 44.0939 172.025 4.98078
    endloop
  endfacet
  facet normal -0.980731 0.195362 0
    outer loop
      vertex 44.0939 172.025 6.19509
      vertex 44.0192 171.65 4.98078
      vertex 44.0192 171.65 6.19509
    endloop
  endfacet
  facet normal 0.396149 -0.594224 0.699974
    outer loop
      vertex 202.393 169.307 6.83147
      vertex 202.213 169.187 6.83147
      vertex 202.588 169.112 6.55557
    endloop
  endfacet
  facet normal 0.0762895 -0.381447 0.921237
    outer loop
      vertex 202.075 169.52 6.98078
      vertex 202 169.505 6.98078
      vertex 202.213 169.187 6.83147
    endloop
  endfacet
  facet normal 0.700391 -0.138757 0.700142
    outer loop
      vertex 202.831 169.7 6.55557
      vertex 202.513 169.487 6.83147
      vertex 202.768 169.382 6.55557
    endloop
  endfacet
  facet normal 1 -0 0
    outer loop
      vertex 202.981 169.7 6.19509
      vertex 202.981 171.65 4.98078
      vertex 202.981 171.65 6.19509
    endloop
  endfacet
  facet normal 1 0 0
    outer loop
      vertex 202.981 171.65 4.98078
      vertex 202.981 169.7 6.19509
      vertex 202.981 169.7 4.98078
    endloop
  endfacet
  facet normal 0.512775 -0.771582 0.376461
    outer loop
      vertex 202.694 169.006 6.19509
      vertex 202.318 168.932 6.55557
      vertex 202.375 168.794 6.19509
    endloop
  endfacet
  facet normal 0.553495 -0.832853 0
    outer loop
      vertex 202.375 168.794 4.98078
      vertex 202.694 169.006 6.19509
      vertex 202.375 168.794 6.19509
    endloop
  endfacet
  facet normal 0.553495 -0.832853 0
    outer loop
      vertex 202.694 169.006 6.19509
      vertex 202.375 168.794 4.98078
      vertex 202.694 169.006 4.98078
    endloop
  endfacet
  facet normal -0.395825 -0.594397 0.70001
    outer loop
      vertex 44.6072 169.307 6.83147
      vertex 44.4121 169.112 6.55557
      vertex 44.7874 169.187 6.83147
    endloop
  endfacet
  facet normal -0.141804 -0.701104 0.698817
    outer loop
      vertex 45 169.144 6.83147
      vertex 44.7874 169.187 6.83147
      vertex 45 168.869 6.55557
    endloop
  endfacet
  facet normal -0.554459 -0.832211 0
    outer loop
      vertex 44.3065 169.006 4.98078
      vertex 44.6247 168.794 6.19509
      vertex 44.3065 169.006 6.19509
    endloop
  endfacet
  facet normal -0.554459 -0.832211 -0
    outer loop
      vertex 44.6247 168.794 6.19509
      vertex 44.3065 169.006 4.98078
      vertex 44.6247 168.794 4.98078
    endloop
  endfacet
  facet normal -0.195965 0.980611 0
    outer loop
      vertex 45 172.631 4.98078
      vertex 44.6247 172.556 6.19509
      vertex 45 172.631 6.19509
    endloop
  endfacet
  facet normal -0.195965 0.980611 0
    outer loop
      vertex 44.6247 172.556 6.19509
      vertex 45 172.631 4.98078
      vertex 44.6247 172.556 4.98078
    endloop
  endfacet
  facet normal -0.179934 0.90881 0.376415
    outer loop
      vertex 45 172.481 6.55557
      vertex 44.6247 172.556 6.19509
      vertex 44.6818 172.418 6.55557
    endloop
  endfacet
  facet normal -0.908634 0.181 0.376329
    outer loop
      vertex 44.0939 172.025 6.19509
      vertex 44.0192 171.65 6.19509
      vertex 44.1685 171.65 6.55557
    endloop
  endfacet
  facet normal 0.980581 0.196116 0
    outer loop
      vertex 202.981 171.65 6.19509
      vertex 202.906 172.025 4.98078
      vertex 202.906 172.025 6.19509
    endloop
  endfacet
  facet normal 0.980581 0.196116 0
    outer loop
      vertex 202.906 172.025 4.98078
      vertex 202.981 171.65 6.19509
      vertex 202.981 171.65 4.98078
    endloop
  endfacet
  facet normal 0.908802 0.180046 0.37638
    outer loop
      vertex 202.906 172.025 6.19509
      vertex 202.768 171.968 6.55557
      vertex 202.831 171.65 6.55557
    endloop
  endfacet
  facet normal 0.771582 0.512775 0.376461
    outer loop
      vertex 202.906 172.025 6.19509
      vertex 202.694 172.344 6.19509
      vertex 202.768 171.968 6.55557
    endloop
  endfacet
  facet normal 0.141543 0.70113 0.698843
    outer loop
      vertex 202 172.481 6.55557
      vertex 202 172.206 6.83147
      vertex 202.213 172.163 6.83147
    endloop
  endfacet
  facet normal 0.0769292 0.381068 0.921341
    outer loop
      vertex 202 172.206 6.83147
      vertex 202 171.845 6.98078
      vertex 202.213 172.163 6.83147
    endloop
  endfacet
  facet normal 0.381068 0.0769292 0.921341
    outer loop
      vertex 202.513 171.863 6.83147
      vertex 202.195 171.65 6.98078
      vertex 202.556 171.65 6.83147
    endloop
  endfacet
  facet normal 0.3822 0 0.92408
    outer loop
      vertex 202.195 171.65 6.98078
      vertex 202.556 169.7 6.83147
      vertex 202.556 171.65 6.83147
    endloop
  endfacet
  facet normal 0.3822 0 0.92408
    outer loop
      vertex 202.556 169.7 6.83147
      vertex 202.195 171.65 6.98078
      vertex 202.195 169.7 6.98078
    endloop
  endfacet
  facet normal 0.215767 0.32365 0.921247
    outer loop
      vertex 202.393 172.043 6.83147
      vertex 202.075 171.83 6.98078
      vertex 202.138 171.788 6.98078
    endloop
  endfacet
  facet normal -0 0.708261 0.705951
    outer loop
      vertex 45 172.481 6.55557
      vertex 202 172.206 6.83147
      vertex 202 172.481 6.55557
    endloop
  endfacet
  facet normal 0 0.708261 0.705951
    outer loop
      vertex 202 172.206 6.83147
      vertex 45 172.481 6.55557
      vertex 45 172.206 6.83147
    endloop
  endfacet
  facet normal -0.141804 0.701104 0.698817
    outer loop
      vertex 45 172.481 6.55557
      vertex 44.7874 172.163 6.83147
      vertex 45 172.206 6.83147
    endloop
  endfacet
  facet normal -0.0765777 0.381357 0.921251
    outer loop
      vertex 45 171.845 6.98078
      vertex 44.7874 172.163 6.83147
      vertex 44.9253 171.83 6.98078
    endloop
  endfacet
  facet normal 0.396149 -0.594224 0.699974
    outer loop
      vertex 202.588 169.112 6.55557
      vertex 202.213 169.187 6.83147
      vertex 202.318 168.932 6.55557
    endloop
  endfacet
  facet normal 0.138757 -0.700391 0.700142
    outer loop
      vertex 202.213 169.187 6.83147
      vertex 202 168.869 6.55557
      vertex 202.318 168.932 6.55557
    endloop
  endfacet
  facet normal -0.381538 -0.0757988 0.92124
    outer loop
      vertex 44.8049 169.7 6.98078
      vertex 44.4867 169.487 6.83147
      vertex 44.8198 169.625 6.98078
    endloop
  endfacet
  facet normal -0.700236 -0.139061 0.700236
    outer loop
      vertex 44.4444 169.7 6.83147
      vertex 44.1685 169.7 6.55557
      vertex 44.4867 169.487 6.83147
    endloop
  endfacet
  facet normal -0.381553 -0.0757731 0.921236
    outer loop
      vertex 44.8049 169.7 6.98078
      vertex 44.4444 169.7 6.83147
      vertex 44.4867 169.487 6.83147
    endloop
  endfacet
  facet normal -0.0765777 -0.381357 0.921251
    outer loop
      vertex 44.9253 169.52 6.98078
      vertex 44.7874 169.187 6.83147
      vertex 45 169.505 6.98078
    endloop
  endfacet
  facet normal -0.771003 -0.513841 0.376194
    outer loop
      vertex 44.2318 169.382 6.55557
      vertex 44.0939 169.325 6.19509
      vertex 44.3065 169.006 6.19509
    endloop
  endfacet
  facet normal -0.138645 -0.700268 0.700287
    outer loop
      vertex 44.7874 169.187 6.83147
      vertex 44.6818 168.932 6.55557
      vertex 45 168.869 6.55557
    endloop
  endfacet
  facet normal -0.700328 -0.139405 0.700076
    outer loop
      vertex 44.4867 169.487 6.83147
      vertex 44.1685 169.7 6.55557
      vertex 44.2318 169.382 6.55557
    endloop
  endfacet
  facet normal -0.513658 0.770971 0.376509
    outer loop
      vertex 44.6247 172.556 6.19509
      vertex 44.3065 172.344 6.19509
      vertex 44.6818 172.418 6.55557
    endloop
  endfacet
  facet normal -0.181442 0.907934 0.377802
    outer loop
      vertex 45 172.631 6.19509
      vertex 44.6247 172.556 6.19509
      vertex 45 172.481 6.55557
    endloop
  endfacet
  facet normal -0.908702 0.180883 0.376221
    outer loop
      vertex 44.2318 171.968 6.55557
      vertex 44.0939 172.025 6.19509
      vertex 44.1685 171.65 6.55557
    endloop
  endfacet
  facet normal -0.707107 0 0.707107
    outer loop
      vertex 44.1685 171.65 6.55557
      vertex 44.4444 169.7 6.83147
      vertex 44.4444 171.65 6.83147
    endloop
  endfacet
  facet normal -0.707107 0 0.707107
    outer loop
      vertex 44.4444 169.7 6.83147
      vertex 44.1685 171.65 6.55557
      vertex 44.1685 169.7 6.55557
    endloop
  endfacet
  facet normal -0.923894 0 0.382649
    outer loop
      vertex 44.0192 169.7 6.19509
      vertex 44.1685 171.65 6.55557
      vertex 44.0192 171.65 6.19509
    endloop
  endfacet
  facet normal -0.923894 0 0.382649
    outer loop
      vertex 44.1685 171.65 6.55557
      vertex 44.0192 169.7 6.19509
      vertex 44.1685 169.7 6.55557
    endloop
  endfacet
  facet normal -0.381538 0.0757988 0.92124
    outer loop
      vertex 44.8198 171.725 6.98078
      vertex 44.4867 171.863 6.83147
      vertex 44.8049 171.65 6.98078
    endloop
  endfacet
  facet normal -0.395825 0.594397 0.70001
    outer loop
      vertex 44.7874 172.163 6.83147
      vertex 44.4121 172.238 6.55557
      vertex 44.6072 172.043 6.83147
    endloop
  endfacet
  facet normal 0.553495 0.832853 -0
    outer loop
      vertex 202.694 172.344 4.98078
      vertex 202.375 172.556 6.19509
      vertex 202.694 172.344 6.19509
    endloop
  endfacet
  facet normal 0.553495 0.832853 0
    outer loop
      vertex 202.375 172.556 6.19509
      vertex 202.694 172.344 4.98078
      vertex 202.375 172.556 4.98078
    endloop
  endfacet
  facet normal 0.70113 0.141543 0.698843
    outer loop
      vertex 202.831 171.65 6.55557
      vertex 202.513 171.863 6.83147
      vertex 202.556 171.65 6.83147
    endloop
  endfacet
  facet normal 0.770456 0.513637 0.377591
    outer loop
      vertex 202.694 172.344 6.19509
      vertex 202.588 172.238 6.55557
      vertex 202.768 171.968 6.55557
    endloop
  endfacet
  facet normal 0.708261 -0 0.705951
    outer loop
      vertex 202.556 169.7 6.83147
      vertex 202.831 171.65 6.55557
      vertex 202.556 171.65 6.83147
    endloop
  endfacet
  facet normal 0.708261 0 0.705951
    outer loop
      vertex 202.831 171.65 6.55557
      vertex 202.556 169.7 6.83147
      vertex 202.831 169.7 6.55557
    endloop
  endfacet
  facet normal 0.594224 0.396149 0.699974
    outer loop
      vertex 202.588 172.238 6.55557
      vertex 202.513 171.863 6.83147
      vertex 202.768 171.968 6.55557
    endloop
  endfacet
  facet normal 0.594224 0.396149 0.699974
    outer loop
      vertex 202.588 172.238 6.55557
      vertex 202.393 172.043 6.83147
      vertex 202.513 171.863 6.83147
    endloop
  endfacet
  facet normal 0.215767 0.32365 0.921247
    outer loop
      vertex 202.213 172.163 6.83147
      vertex 202.075 171.83 6.98078
      vertex 202.393 172.043 6.83147
    endloop
  endfacet
  facet normal 0.0762895 0.381447 0.921237
    outer loop
      vertex 202.213 172.163 6.83147
      vertex 202 171.845 6.98078
      vertex 202.075 171.83 6.98078
    endloop
  endfacet
  facet normal 0.832853 -0.553495 0
    outer loop
      vertex 202.694 169.006 6.19509
      vertex 202.906 169.325 4.98078
      vertex 202.906 169.325 6.19509
    endloop
  endfacet
  facet normal 0.832853 -0.553495 0
    outer loop
      vertex 202.906 169.325 4.98078
      vertex 202.694 169.006 6.19509
      vertex 202.694 169.006 4.98078
    endloop
  endfacet
  facet normal 0.980581 -0.196116 0
    outer loop
      vertex 202.906 169.325 6.19509
      vertex 202.981 169.7 4.98078
      vertex 202.981 169.7 6.19509
    endloop
  endfacet
  facet normal 0.980581 -0.196116 0
    outer loop
      vertex 202.981 169.7 4.98078
      vertex 202.906 169.325 6.19509
      vertex 202.906 169.325 4.98078
    endloop
  endfacet
  facet normal -0.215611 -0.323776 0.921239
    outer loop
      vertex 44.9253 169.52 6.98078
      vertex 44.6072 169.307 6.83147
      vertex 44.7874 169.187 6.83147
    endloop
  endfacet
  facet normal -0.215376 -0.324089 0.921184
    outer loop
      vertex 44.8621 169.562 6.98078
      vertex 44.6072 169.307 6.83147
      vertex 44.9253 169.52 6.98078
    endloop
  endfacet
  facet normal -0.770292 0.514384 0.376907
    outer loop
      vertex 44.3065 172.344 6.19509
      vertex 44.2318 171.968 6.55557
      vertex 44.4121 172.238 6.55557
    endloop
  endfacet
  facet normal -0.593262 0.397156 0.70022
    outer loop
      vertex 44.6072 172.043 6.83147
      vertex 44.4121 172.238 6.55557
      vertex 44.4867 171.863 6.83147
    endloop
  endfacet
  facet normal -0.700236 0.139061 0.700236
    outer loop
      vertex 44.4867 171.863 6.83147
      vertex 44.1685 171.65 6.55557
      vertex 44.4444 171.65 6.83147
    endloop
  endfacet
  facet normal -0.381553 0.0757731 0.921236
    outer loop
      vertex 44.4867 171.863 6.83147
      vertex 44.4444 171.65 6.83147
      vertex 44.8049 171.65 6.98078
    endloop
  endfacet
  facet normal 0.70113 -0.141543 0.698843
    outer loop
      vertex 202.556 169.7 6.83147
      vertex 202.513 169.487 6.83147
      vertex 202.831 169.7 6.55557
    endloop
  endfacet
  facet normal 0.381068 -0.0769292 0.921341
    outer loop
      vertex 202.556 169.7 6.83147
      vertex 202.195 169.7 6.98078
      vertex 202.513 169.487 6.83147
    endloop
  endfacet
  facet normal 0.381447 0.0762895 0.921237
    outer loop
      vertex 202.513 171.863 6.83147
      vertex 202.18 171.725 6.98078
      vertex 202.195 171.65 6.98078
    endloop
  endfacet
  facet normal 0.32365 0.215767 0.921247
    outer loop
      vertex 202.393 172.043 6.83147
      vertex 202.18 171.725 6.98078
      vertex 202.513 171.863 6.83147
    endloop
  endfacet
  facet normal -0.593262 -0.397156 0.70022
    outer loop
      vertex 44.4867 169.487 6.83147
      vertex 44.4121 169.112 6.55557
      vertex 44.6072 169.307 6.83147
    endloop
  endfacet
  facet normal -0.594054 -0.396696 0.699809
    outer loop
      vertex 44.4867 169.487 6.83147
      vertex 44.2318 169.382 6.55557
      vertex 44.4121 169.112 6.55557
    endloop
  endfacet
  facet normal -0.514136 0.770347 0.377135
    outer loop
      vertex 44.6818 172.418 6.55557
      vertex 44.3065 172.344 6.19509
      vertex 44.4121 172.238 6.55557
    endloop
  endfacet
  facet normal -0.396235 0.593692 0.700377
    outer loop
      vertex 44.6818 172.418 6.55557
      vertex 44.4121 172.238 6.55557
      vertex 44.7874 172.163 6.83147
    endloop
  endfacet
  facet normal -0.215376 0.324089 0.921184
    outer loop
      vertex 44.9253 171.83 6.98078
      vertex 44.6072 172.043 6.83147
      vertex 44.8621 171.788 6.98078
    endloop
  endfacet
  facet normal -0.215611 0.323776 0.921239
    outer loop
      vertex 44.7874 172.163 6.83147
      vertex 44.6072 172.043 6.83147
      vertex 44.9253 171.83 6.98078
    endloop
  endfacet
  facet normal 0.196116 0.980581 -0
    outer loop
      vertex 202.375 172.556 4.98078
      vertex 202 172.631 6.19509
      vertex 202.375 172.556 6.19509
    endloop
  endfacet
  facet normal 0.196116 0.980581 0
    outer loop
      vertex 202 172.631 6.19509
      vertex 202.375 172.556 4.98078
      vertex 202 172.631 4.98078
    endloop
  endfacet
  facet normal 0.513637 -0.770456 0.377591
    outer loop
      vertex 202.588 169.112 6.55557
      vertex 202.318 168.932 6.55557
      vertex 202.694 169.006 6.19509
    endloop
  endfacet
  facet normal 0.594224 -0.396149 0.699974
    outer loop
      vertex 202.768 169.382 6.55557
      vertex 202.513 169.487 6.83147
      vertex 202.588 169.112 6.55557
    endloop
  endfacet
  facet normal -0.396235 -0.593692 0.700377
    outer loop
      vertex 44.7874 169.187 6.83147
      vertex 44.4121 169.112 6.55557
      vertex 44.6818 168.932 6.55557
    endloop
  endfacet
  facet normal -0.770292 -0.514384 0.376907
    outer loop
      vertex 44.4121 169.112 6.55557
      vertex 44.2318 169.382 6.55557
      vertex 44.3065 169.006 6.19509
    endloop
  endfacet
  facet normal -0.514136 -0.770347 0.377135
    outer loop
      vertex 44.4121 169.112 6.55557
      vertex 44.3065 169.006 6.19509
      vertex 44.6818 168.932 6.55557
    endloop
  endfacet
  facet normal -0.513658 -0.770971 0.376509
    outer loop
      vertex 44.6818 168.932 6.55557
      vertex 44.3065 169.006 6.19509
      vertex 44.6247 168.794 6.19509
    endloop
  endfacet
  facet normal 0.770456 -0.513637 0.377591
    outer loop
      vertex 202.768 169.382 6.55557
      vertex 202.588 169.112 6.55557
      vertex 202.694 169.006 6.19509
    endloop
  endfacet
  facet normal 0.771582 -0.512775 0.376461
    outer loop
      vertex 202.768 169.382 6.55557
      vertex 202.694 169.006 6.19509
      vertex 202.906 169.325 6.19509
    endloop
  endfacet
  facet normal 0.382712 0 0.923868
    outer loop
      vertex 53.1951 168.719 4.98078
      vertex 53.3158 145.016 4.93078
      vertex 53.3158 168.719 4.93078
    endloop
  endfacet
  facet normal 0.382712 0 0.923868
    outer loop
      vertex 53.3158 145.016 4.93078
      vertex 53.1951 168.719 4.98078
      vertex 53.1951 144.895 4.98078
    endloop
  endfacet
  facet normal -0.381902 0 0.924203
    outer loop
      vertex 193.684 145.016 4.93078
      vertex 193.805 168.719 4.98078
      vertex 193.684 168.719 4.93078
    endloop
  endfacet
  facet normal -0.381902 0 0.924203
    outer loop
      vertex 193.805 168.719 4.98078
      vertex 193.684 145.016 4.93078
      vertex 193.805 144.895 4.98078
    endloop
  endfacet
  facet normal 0.181443 0.907941 0.377784
    outer loop
      vertex 53 175.181 63.1951
      vertex 53 175.031 63.5556
      vertex 53.3753 175.106 63.1951
    endloop
  endfacet
  facet normal 0.195965 0.980611 -0
    outer loop
      vertex 53.3753 175.106 15.3753
      vertex 53 175.181 63.1951
      vertex 53.3753 175.106 63.1951
    endloop
  endfacet
  facet normal 0.195965 0.980611 0
    outer loop
      vertex 53 175.181 63.1951
      vertex 53.3753 175.106 15.3753
      vertex 53 175.181 15.1951
    endloop
  endfacet
  facet normal 0.923901 -0 0.382631
    outer loop
      vertex 53.8315 171.7 63.5556
      vertex 53.9808 174.2 63.1951
      vertex 53.8315 174.2 63.5556
    endloop
  endfacet
  facet normal 0.923901 0 0.382631
    outer loop
      vertex 53.9808 174.2 63.1951
      vertex 53.8315 171.7 63.5556
      vertex 53.9808 171.7 63.1951
    endloop
  endfacet
  facet normal 0.381531 0.0757688 0.921245
    outer loop
      vertex 53.5133 174.413 63.8315
      vertex 53.1951 174.2 63.9808
      vertex 53.5556 174.2 63.8315
    endloop
  endfacet
  facet normal 0.554459 0.832211 -0
    outer loop
      vertex 53.6935 174.894 15.6935
      vertex 53.3753 175.106 63.1951
      vertex 53.6935 174.894 63.1951
    endloop
  endfacet
  facet normal 0.553029 0.833162 -1.38237e-05
    outer loop
      vertex 53.4871 175.031 15.5556
      vertex 53.3753 175.106 63.1951
      vertex 53.6935 174.894 15.6935
    endloop
  endfacet
  facet normal 0.557098 0.830447 0
    outer loop
      vertex 53.3753 175.106 63.1951
      vertex 53.4871 175.031 15.5556
      vertex 53.3753 175.106 15.3753
    endloop
  endfacet
  facet normal 0.179936 -0.908817 0.376397
    outer loop
      vertex 53.3182 170.932 63.5556
      vertex 53 170.869 63.5556
      vertex 53.3753 170.794 63.1951
    endloop
  endfacet
  facet normal 0.141804 0.701104 0.698817
    outer loop
      vertex 53 175.031 63.5556
      vertex 53 174.756 63.8315
      vertex 53.2126 174.713 63.8315
    endloop
  endfacet
  facet normal 1 -0 0
    outer loop
      vertex 53.9808 171.7 63.1951
      vertex 53.9808 174.2 15.9808
      vertex 53.9808 174.2 63.1951
    endloop
  endfacet
  facet normal 1 0 0
    outer loop
      vertex 53.9808 174.2 15.9808
      vertex 53.9808 171.7 63.1951
      vertex 53.9808 171.7 15.9808
    endloop
  endfacet
  facet normal 0.195965 -0.980611 0
    outer loop
      vertex 53 170.719 63.1951
      vertex 53.3753 170.794 15.3753
      vertex 53.3753 170.794 63.1951
    endloop
  endfacet
  facet normal 0.195965 -0.980611 0
    outer loop
      vertex 53.3753 170.794 15.3753
      vertex 53 170.719 63.1951
      vertex 53 170.719 15.1951
    endloop
  endfacet
  facet normal -8.10882e-06 -0.923302 0.384074
    outer loop
      vertex 53 170.719 63.1951
      vertex 48.4871 170.869 63.5556
      vertex 48.3753 170.794 63.3753
    endloop
  endfacet
  facet normal 0 -0.923228 0.384252
    outer loop
      vertex 53 170.719 63.1951
      vertex 48.3753 170.794 63.3753
      vertex 48 170.719 63.1951
    endloop
  endfacet
  facet normal 0 -0.923266 0.384161
    outer loop
      vertex 48.4871 170.869 63.5556
      vertex 53 170.719 63.1951
      vertex 53 170.869 63.5556
    endloop
  endfacet
  facet normal 0 0.923266 0.384161
    outer loop
      vertex 53 175.181 63.1951
      vertex 48.6808 175.031 63.5556
      vertex 53 175.031 63.5556
    endloop
  endfacet
  facet normal 0 0.923266 0.384161
    outer loop
      vertex 48.6808 175.031 63.5556
      vertex 53 175.181 63.1951
      vertex 48.6808 175.181 63.1951
    endloop
  endfacet
  facet normal 0.831494 0.555534 0
    outer loop
      vertex 53.6935 174.894 63.1951
      vertex 53.7857 174.756 15.8315
      vertex 53.6935 174.894 15.6935
    endloop
  endfacet
  facet normal 0.832131 0.55458 -0
    outer loop
      vertex 53.9061 174.575 15.9061
      vertex 53.6935 174.894 63.1951
      vertex 53.9061 174.575 63.1951
    endloop
  endfacet
  facet normal 0.832615 0.553853 7.08145e-06
    outer loop
      vertex 53.6935 174.894 63.1951
      vertex 53.9061 174.575 15.9061
      vertex 53.7857 174.756 15.8315
    endloop
  endfacet
  facet normal 0.980774 -0.195149 0
    outer loop
      vertex 53.9808 171.7 63.1951
      vertex 53.942 171.505 15.9808
      vertex 53.9808 171.7 15.9808
    endloop
  endfacet
  facet normal 0.980731 -0.195362 9.13964e-07
    outer loop
      vertex 53.9061 171.325 63.1951
      vertex 53.942 171.505 15.9808
      vertex 53.9808 171.7 63.1951
    endloop
  endfacet
  facet normal 0.980685 -0.195592 0
    outer loop
      vertex 53.942 171.505 15.9808
      vertex 53.9061 171.325 63.1951
      vertex 53.9061 171.325 15.9061
    endloop
  endfacet
  facet normal 0 0 1
    outer loop
      vertex 53 174.395 63.9808
      vertex 53.1951 174.2 63.9808
      vertex 53.1802 174.275 63.9808
    endloop
  endfacet
  facet normal 0 0 1
    outer loop
      vertex 53.1951 174.2 63.9808
      vertex 53 174.395 63.9808
      vertex 53.1951 171.7 63.9808
    endloop
  endfacet
  facet normal 0 0 1
    outer loop
      vertex 53 174.395 63.9808
      vertex 53.1802 174.275 63.9808
      vertex 53.1379 174.338 63.9808
    endloop
  endfacet
  facet normal 0 0 1
    outer loop
      vertex 53 171.505 63.9808
      vertex 53.1951 171.7 63.9808
      vertex 53 174.395 63.9808
    endloop
  endfacet
  facet normal 0 0 1
    outer loop
      vertex 53 174.395 63.9808
      vertex 53.1379 174.338 63.9808
      vertex 53.0747 174.38 63.9808
    endloop
  endfacet
  facet normal 0 0 1
    outer loop
      vertex 53.1951 171.7 63.9808
      vertex 53 171.505 63.9808
      vertex 53.1802 171.625 63.9808
    endloop
  endfacet
  facet normal 0 0 1
    outer loop
      vertex 53.1802 171.625 63.9808
      vertex 53 171.505 63.9808
      vertex 53.1379 171.562 63.9808
    endloop
  endfacet
  facet normal 0 0 1
    outer loop
      vertex 53.1379 171.562 63.9808
      vertex 53 171.505 63.9808
      vertex 53.0747 171.52 63.9808
    endloop
  endfacet
  facet normal 0 0 1
    outer loop
      vertex 53 174.395 63.9808
      vertex 48.9808 174.2 63.9808
      vertex 53 171.505 63.9808
    endloop
  endfacet
  facet normal 0 -0 1
    outer loop
      vertex 48.9808 174.2 63.9808
      vertex 53 174.395 63.9808
      vertex 48.942 174.395 63.9808
    endloop
  endfacet
  facet normal -0 0 1
    outer loop
      vertex 48.9808 171.7 63.9808
      vertex 53 171.505 63.9808
      vertex 48.9808 174.2 63.9808
    endloop
  endfacet
  facet normal 0 0 1
    outer loop
      vertex 53 171.505 63.9808
      vertex 48.9808 171.7 63.9808
      vertex 48.942 171.505 63.9808
    endloop
  endfacet
  facet normal 0.181443 -0.907941 0.377784
    outer loop
      vertex 53 170.869 63.5556
      vertex 53 170.719 63.1951
      vertex 53.3753 170.794 63.1951
    endloop
  endfacet
  facet normal 0.513662 -0.770977 0.376491
    outer loop
      vertex 53.6935 171.006 63.1951
      vertex 53.3182 170.932 63.5556
      vertex 53.3753 170.794 63.1951
    endloop
  endfacet
  facet normal 0.179936 0.908817 0.376397
    outer loop
      vertex 53.3753 175.106 63.1951
      vertex 53 175.031 63.5556
      vertex 53.3182 174.968 63.5556
    endloop
  endfacet
  facet normal 0.593262 0.397156 0.70022
    outer loop
      vertex 53.5879 174.788 63.5556
      vertex 53.3928 174.593 63.8315
      vertex 53.5133 174.413 63.8315
    endloop
  endfacet
  facet normal 0.138645 0.700268 0.700287
    outer loop
      vertex 53.3182 174.968 63.5556
      vertex 53 175.031 63.5556
      vertex 53.2126 174.713 63.8315
    endloop
  endfacet
  facet normal 0.770298 -0.514388 0.376889
    outer loop
      vertex 53.7682 171.382 63.5556
      vertex 53.5879 171.112 63.5556
      vertex 53.6935 171.006 63.1951
    endloop
  endfacet
  facet normal 0.554459 -0.832211 0
    outer loop
      vertex 53.3753 170.794 63.1951
      vertex 53.6935 171.006 15.6935
      vertex 53.6935 171.006 63.1951
    endloop
  endfacet
  facet normal 0.553029 -0.833162 -1.38237e-05
    outer loop
      vertex 53.3753 170.794 63.1951
      vertex 53.4871 170.869 15.5556
      vertex 53.6935 171.006 15.6935
    endloop
  endfacet
  facet normal 0.557098 -0.830447 0
    outer loop
      vertex 53.4871 170.869 15.5556
      vertex 53.3753 170.794 63.1951
      vertex 53.3753 170.794 15.3753
    endloop
  endfacet
  facet normal 0.980685 0.195592 0
    outer loop
      vertex 53.9061 174.575 63.1951
      vertex 53.942 174.395 15.9808
      vertex 53.9061 174.575 15.9061
    endloop
  endfacet
  facet normal 0.980731 0.195362 9.13964e-07
    outer loop
      vertex 53.9808 174.2 63.1951
      vertex 53.942 174.395 15.9808
      vertex 53.9061 174.575 63.1951
    endloop
  endfacet
  facet normal 0.980774 0.195149 0
    outer loop
      vertex 53.942 174.395 15.9808
      vertex 53.9808 174.2 63.1951
      vertex 53.9808 174.2 15.9808
    endloop
  endfacet
  facet normal 0.832131 -0.55458 0
    outer loop
      vertex 53.6935 171.006 63.1951
      vertex 53.9061 171.325 15.9061
      vertex 53.9061 171.325 63.1951
    endloop
  endfacet
  facet normal 0.832615 -0.553853 7.08145e-06
    outer loop
      vertex 53.9061 171.325 15.9061
      vertex 53.6935 171.006 63.1951
      vertex 53.7857 171.144 15.8315
    endloop
  endfacet
  facet normal 0.831494 -0.555534 0
    outer loop
      vertex 53.7857 171.144 15.8315
      vertex 53.6935 171.006 63.1951
      vertex 53.6935 171.006 15.6935
    endloop
  endfacet
  facet normal 0.396235 -0.593692 0.700377
    outer loop
      vertex 53.5879 171.112 63.5556
      vertex 53.2126 171.187 63.8315
      vertex 53.3182 170.932 63.5556
    endloop
  endfacet
  facet normal 0.594054 -0.396696 0.699809
    outer loop
      vertex 53.7682 171.382 63.5556
      vertex 53.5133 171.487 63.8315
      vertex 53.5879 171.112 63.5556
    endloop
  endfacet
  facet normal 0.707107 -0 0.707107
    outer loop
      vertex 53.5556 171.7 63.8315
      vertex 53.8315 174.2 63.5556
      vertex 53.5556 174.2 63.8315
    endloop
  endfacet
  facet normal 0.707107 0 0.707107
    outer loop
      vertex 53.8315 174.2 63.5556
      vertex 53.5556 171.7 63.8315
      vertex 53.8315 171.7 63.5556
    endloop
  endfacet
  facet normal 0 0.708261 0.705951
    outer loop
      vertex 53 175.031 63.5556
      vertex 48.7857 174.756 63.8315
      vertex 53 174.756 63.8315
    endloop
  endfacet
  facet normal -0 0.708261 0.705951
    outer loop
      vertex 48.6808 175.031 63.5556
      vertex 48.7857 174.756 63.8315
      vertex 53 175.031 63.5556
    endloop
  endfacet
  facet normal 0.00804184 0.709765 0.704392
    outer loop
      vertex 48.7857 174.756 63.8315
      vertex 48.6808 175.031 63.5556
      vertex 48.6935 174.894 63.6935
    endloop
  endfacet
  facet normal -0.0264075 0.707954 0.705765
    outer loop
      vertex 48.6935 174.894 63.6935
      vertex 48.6808 175.031 63.5556
      vertex 48.6808 174.902 63.685
    endloop
  endfacet
  facet normal 0.700328 0.139405 0.700076
    outer loop
      vertex 53.7682 174.518 63.5556
      vertex 53.5133 174.413 63.8315
      vertex 53.8315 174.2 63.5556
    endloop
  endfacet
  facet normal 0.0765733 0.381335 0.92126
    outer loop
      vertex 53.2126 174.713 63.8315
      vertex 53 174.395 63.9808
      vertex 53.0747 174.38 63.9808
    endloop
  endfacet
  facet normal 0.770298 0.514388 0.376889
    outer loop
      vertex 53.6935 174.894 63.1951
      vertex 53.5879 174.788 63.5556
      vertex 53.7682 174.518 63.5556
    endloop
  endfacet
  facet normal 0.908641 0.181001 0.376311
    outer loop
      vertex 53.9061 174.575 63.1951
      vertex 53.8315 174.2 63.5556
      vertex 53.9808 174.2 63.1951
    endloop
  endfacet
  facet normal 0.594054 0.396696 0.699809
    outer loop
      vertex 53.5879 174.788 63.5556
      vertex 53.5133 174.413 63.8315
      vertex 53.7682 174.518 63.5556
    endloop
  endfacet
  facet normal 0.396235 0.593692 0.700377
    outer loop
      vertex 53.3182 174.968 63.5556
      vertex 53.2126 174.713 63.8315
      vertex 53.5879 174.788 63.5556
    endloop
  endfacet
  facet normal 0.700328 -0.139405 0.700076
    outer loop
      vertex 53.8315 171.7 63.5556
      vertex 53.5133 171.487 63.8315
      vertex 53.7682 171.382 63.5556
    endloop
  endfacet
  facet normal 0.908641 -0.181001 0.376311
    outer loop
      vertex 53.9808 171.7 63.1951
      vertex 53.8315 171.7 63.5556
      vertex 53.9061 171.325 63.1951
    endloop
  endfacet
  facet normal 0.0770687 -0.381042 0.92134
    outer loop
      vertex 53 171.505 63.9808
      vertex 53 171.144 63.8315
      vertex 53.2126 171.187 63.8315
    endloop
  endfacet
  facet normal 0.141804 -0.701104 0.698817
    outer loop
      vertex 53 171.144 63.8315
      vertex 53 170.869 63.5556
      vertex 53.2126 171.187 63.8315
    endloop
  endfacet
  facet normal 0.700236 0.139061 0.700236
    outer loop
      vertex 53.8315 174.2 63.5556
      vertex 53.5133 174.413 63.8315
      vertex 53.5556 174.2 63.8315
    endloop
  endfacet
  facet normal 0.51414 0.770353 0.377117
    outer loop
      vertex 53.6935 174.894 63.1951
      vertex 53.3182 174.968 63.5556
      vertex 53.5879 174.788 63.5556
    endloop
  endfacet
  facet normal 0.513662 0.770977 0.376491
    outer loop
      vertex 53.3753 175.106 63.1951
      vertex 53.3182 174.968 63.5556
      vertex 53.6935 174.894 63.1951
    endloop
  endfacet
  facet normal 0.908709 0.180884 0.376204
    outer loop
      vertex 53.9061 174.575 63.1951
      vertex 53.7682 174.518 63.5556
      vertex 53.8315 174.2 63.5556
    endloop
  endfacet
  facet normal 0.771009 0.513845 0.376176
    outer loop
      vertex 53.9061 174.575 63.1951
      vertex 53.6935 174.894 63.1951
      vertex 53.7682 174.518 63.5556
    endloop
  endfacet
  facet normal 0.00014469 -0.707155 0.707058
    outer loop
      vertex 53 170.869 63.5556
      vertex 48.7857 171.144 63.8315
      vertex 48.6935 171.006 63.6935
    endloop
  endfacet
  facet normal 0 -0.709418 0.704788
    outer loop
      vertex 53 170.869 63.5556
      vertex 48.6935 171.006 63.6935
      vertex 48.4871 170.869 63.5556
    endloop
  endfacet
  facet normal 0 -0.708261 0.705951
    outer loop
      vertex 48.7857 171.144 63.8315
      vertex 53 170.869 63.5556
      vertex 53 171.144 63.8315
    endloop
  endfacet
  facet normal 0 -0.382178 0.924089
    outer loop
      vertex 48.942 171.505 63.9808
      vertex 53 171.144 63.8315
      vertex 53 171.505 63.9808
    endloop
  endfacet
  facet normal -0.000115174 -0.383284 0.923631
    outer loop
      vertex 48.9061 171.325 63.9061
      vertex 53 171.144 63.8315
      vertex 48.942 171.505 63.9808
    endloop
  endfacet
  facet normal 0 -0.381058 0.924551
    outer loop
      vertex 53 171.144 63.8315
      vertex 48.9061 171.325 63.9061
      vertex 48.7857 171.144 63.8315
    endloop
  endfacet
  facet normal 0.322806 -0.216741 0.921314
    outer loop
      vertex 53.1802 171.625 63.9808
      vertex 53.1379 171.562 63.9808
      vertex 53.3928 171.307 63.8315
    endloop
  endfacet
  facet normal 0.700236 -0.139061 0.700236
    outer loop
      vertex 53.5556 171.7 63.8315
      vertex 53.5133 171.487 63.8315
      vertex 53.8315 171.7 63.5556
    endloop
  endfacet
  facet normal 0.771009 -0.513845 0.376176
    outer loop
      vertex 53.7682 171.382 63.5556
      vertex 53.6935 171.006 63.1951
      vertex 53.9061 171.325 63.1951
    endloop
  endfacet
  facet normal 0.908709 -0.180884 0.376204
    outer loop
      vertex 53.8315 171.7 63.5556
      vertex 53.7682 171.382 63.5556
      vertex 53.9061 171.325 63.1951
    endloop
  endfacet
  facet normal 0.51414 -0.770353 0.377117
    outer loop
      vertex 53.5879 171.112 63.5556
      vertex 53.3182 170.932 63.5556
      vertex 53.6935 171.006 63.1951
    endloop
  endfacet
  facet normal 0.138645 -0.700268 0.700287
    outer loop
      vertex 53.2126 171.187 63.8315
      vertex 53 170.869 63.5556
      vertex 53.3182 170.932 63.5556
    endloop
  endfacet
  facet normal 0.395825 0.594397 0.70001
    outer loop
      vertex 53.5879 174.788 63.5556
      vertex 53.2126 174.713 63.8315
      vertex 53.3928 174.593 63.8315
    endloop
  endfacet
  facet normal 0.381516 0.0757945 0.92125
    outer loop
      vertex 53.5133 174.413 63.8315
      vertex 53.1802 174.275 63.9808
      vertex 53.1951 174.2 63.9808
    endloop
  endfacet
  facet normal 0.0770687 0.381042 0.92134
    outer loop
      vertex 53 174.756 63.8315
      vertex 53 174.395 63.9808
      vertex 53.2126 174.713 63.8315
    endloop
  endfacet
  facet normal 0 0.382178 0.924089
    outer loop
      vertex 53 174.756 63.8315
      vertex 48.942 174.395 63.9808
      vertex 53 174.395 63.9808
    endloop
  endfacet
  facet normal -0.000115174 0.383284 0.923631
    outer loop
      vertex 53 174.756 63.8315
      vertex 48.9061 174.575 63.9061
      vertex 48.942 174.395 63.9808
    endloop
  endfacet
  facet normal 0 0.381058 0.924551
    outer loop
      vertex 48.9061 174.575 63.9061
      vertex 53 174.756 63.8315
      vertex 48.7857 174.756 63.8315
    endloop
  endfacet
  facet normal 0.0765733 -0.381335 0.92126
    outer loop
      vertex 53.0747 171.52 63.9808
      vertex 53 171.505 63.9808
      vertex 53.2126 171.187 63.8315
    endloop
  endfacet
  facet normal 0.381531 -0.0757688 0.921245
    outer loop
      vertex 53.5556 171.7 63.8315
      vertex 53.1951 171.7 63.9808
      vertex 53.5133 171.487 63.8315
    endloop
  endfacet
  facet normal 0.382631 0 0.923901
    outer loop
      vertex 53.1951 174.2 63.9808
      vertex 53.5556 171.7 63.8315
      vertex 53.5556 174.2 63.8315
    endloop
  endfacet
  facet normal 0.382631 0 0.923901
    outer loop
      vertex 53.5556 171.7 63.8315
      vertex 53.1951 174.2 63.9808
      vertex 53.1951 171.7 63.9808
    endloop
  endfacet
  facet normal 0.215363 -0.324071 0.921193
    outer loop
      vertex 53.1379 171.562 63.9808
      vertex 53.0747 171.52 63.9808
      vertex 53.3928 171.307 63.8315
    endloop
  endfacet
  facet normal 0.215599 -0.323758 0.921248
    outer loop
      vertex 53.3928 171.307 63.8315
      vertex 53.0747 171.52 63.9808
      vertex 53.2126 171.187 63.8315
    endloop
  endfacet
  facet normal 0.593262 -0.397156 0.70022
    outer loop
      vertex 53.5133 171.487 63.8315
      vertex 53.3928 171.307 63.8315
      vertex 53.5879 171.112 63.5556
    endloop
  endfacet
  facet normal 0.395825 -0.594397 0.70001
    outer loop
      vertex 53.3928 171.307 63.8315
      vertex 53.2126 171.187 63.8315
      vertex 53.5879 171.112 63.5556
    endloop
  endfacet
  facet normal 0.215599 0.323758 0.921248
    outer loop
      vertex 53.2126 174.713 63.8315
      vertex 53.0747 174.38 63.9808
      vertex 53.3928 174.593 63.8315
    endloop
  endfacet
  facet normal 0.323257 0.216403 0.921235
    outer loop
      vertex 53.3928 174.593 63.8315
      vertex 53.1802 174.275 63.9808
      vertex 53.5133 174.413 63.8315
    endloop
  endfacet
  facet normal 0.215363 0.324071 0.921193
    outer loop
      vertex 53.3928 174.593 63.8315
      vertex 53.0747 174.38 63.9808
      vertex 53.1379 174.338 63.9808
    endloop
  endfacet
  facet normal 0.323257 -0.216403 0.921235
    outer loop
      vertex 53.5133 171.487 63.8315
      vertex 53.1802 171.625 63.9808
      vertex 53.3928 171.307 63.8315
    endloop
  endfacet
  facet normal 0.381516 -0.0757945 0.92125
    outer loop
      vertex 53.1951 171.7 63.9808
      vertex 53.1802 171.625 63.9808
      vertex 53.5133 171.487 63.8315
    endloop
  endfacet
  facet normal 0.322806 0.216741 0.921314
    outer loop
      vertex 53.3928 174.593 63.8315
      vertex 53.1379 174.338 63.9808
      vertex 53.1802 174.275 63.9808
    endloop
  endfacet
  facet normal -0.980581 -0.196116 0
    outer loop
      vertex 193.058 171.505 15.9808
      vertex 193.019 171.7 63.1951
      vertex 193.019 171.7 15.9808
    endloop
  endfacet
  facet normal -0.980581 -0.196116 -0
    outer loop
      vertex 193.094 171.325 63.1951
      vertex 193.058 171.505 15.9808
      vertex 193.094 171.325 15.9061
    endloop
  endfacet
  facet normal -0.980581 -0.196116 1.1332e-16
    outer loop
      vertex 193.058 171.505 15.9808
      vertex 193.094 171.325 63.1951
      vertex 193.019 171.7 63.1951
    endloop
  endfacet
  facet normal -0.196116 0.980581 0
    outer loop
      vertex 194 175.181 63.1951
      vertex 193.625 175.106 15.3753
      vertex 193.625 175.106 63.1951
    endloop
  endfacet
  facet normal -0.196116 0.980581 0
    outer loop
      vertex 193.625 175.106 15.3753
      vertex 194 175.181 63.1951
      vertex 194 175.181 15.1951
    endloop
  endfacet
  facet normal -0.180047 0.90881 0.376362
    outer loop
      vertex 194 175.031 63.5556
      vertex 193.625 175.106 63.1951
      vertex 193.682 174.968 63.5556
    endloop
  endfacet
  facet normal -0.553495 0.832853 0
    outer loop
      vertex 193.625 175.106 63.1951
      vertex 193.306 174.894 15.6935
      vertex 193.306 174.894 63.1951
    endloop
  endfacet
  facet normal -0.551915 0.8339 -1.52818e-05
    outer loop
      vertex 193.625 175.106 63.1951
      vertex 193.513 175.031 15.5556
      vertex 193.306 174.894 15.6935
    endloop
  endfacet
  facet normal -0.556411 0.830907 0
    outer loop
      vertex 193.513 175.031 15.5556
      vertex 193.625 175.106 63.1951
      vertex 193.625 175.106 15.3753
    endloop
  endfacet
  facet normal -0.770462 -0.513641 0.377573
    outer loop
      vertex 193.412 171.112 63.5556
      vertex 193.232 171.382 63.5556
      vertex 193.306 171.006 63.1951
    endloop
  endfacet
  facet normal -0.708261 0 0.705951
    outer loop
      vertex 193.169 171.7 63.5556
      vertex 193.444 174.2 63.8315
      vertex 193.169 174.2 63.5556
    endloop
  endfacet
  facet normal -0.708261 0 0.705951
    outer loop
      vertex 193.444 174.2 63.8315
      vertex 193.169 171.7 63.5556
      vertex 193.444 171.7 63.8315
    endloop
  endfacet
  facet normal -0.700391 -0.138757 0.700142
    outer loop
      vertex 193.487 171.487 63.8315
      vertex 193.169 171.7 63.5556
      vertex 193.232 171.382 63.5556
    endloop
  endfacet
  facet normal -0.923266 0 0.384161
    outer loop
      vertex 193.019 171.7 63.1951
      vertex 193.169 174.2 63.5556
      vertex 193.019 174.2 63.1951
    endloop
  endfacet
  facet normal -0.923266 0 0.384161
    outer loop
      vertex 193.169 174.2 63.5556
      vertex 193.019 171.7 63.1951
      vertex 193.169 171.7 63.5556
    endloop
  endfacet
  facet normal -0.196116 -0.980581 0
    outer loop
      vertex 193.625 170.794 15.3753
      vertex 194 170.719 63.1951
      vertex 193.625 170.794 63.1951
    endloop
  endfacet
  facet normal -0.196116 -0.980581 -0
    outer loop
      vertex 194 170.719 63.1951
      vertex 193.625 170.794 15.3753
      vertex 194 170.719 15.1951
    endloop
  endfacet
  facet normal -0.323632 -0.215755 0.921256
    outer loop
      vertex 193.82 171.625 63.9808
      vertex 193.607 171.307 63.8315
      vertex 193.862 171.562 63.9808
    endloop
  endfacet
  facet normal 0 0.923266 0.384161
    outer loop
      vertex 198.319 175.181 63.1951
      vertex 194 175.031 63.5556
      vertex 198.319 175.031 63.5556
    endloop
  endfacet
  facet normal 0 0.923266 0.384161
    outer loop
      vertex 194 175.031 63.5556
      vertex 198.319 175.181 63.1951
      vertex 194 175.181 63.1951
    endloop
  endfacet
  facet normal -0.181583 0.907917 0.377774
    outer loop
      vertex 194 175.181 63.1951
      vertex 193.625 175.106 63.1951
      vertex 194 175.031 63.5556
    endloop
  endfacet
  facet normal -0.381046 0.0769248 0.92135
    outer loop
      vertex 193.487 174.413 63.8315
      vertex 193.444 174.2 63.8315
      vertex 193.805 174.2 63.9808
    endloop
  endfacet
  facet normal -0.51278 -0.771588 0.376443
    outer loop
      vertex 193.682 170.932 63.5556
      vertex 193.306 171.006 63.1951
      vertex 193.625 170.794 63.1951
    endloop
  endfacet
  facet normal -0.594224 -0.396149 0.699974
    outer loop
      vertex 193.487 171.487 63.8315
      vertex 193.412 171.112 63.5556
      vertex 193.607 171.307 63.8315
    endloop
  endfacet
  facet normal -0.833463 -0.552576 8.93366e-06
    outer loop
      vertex 193.306 171.006 63.1951
      vertex 193.094 171.325 15.9061
      vertex 193.214 171.144 15.8315
    endloop
  endfacet
  facet normal -0.83205 -0.5547 -0
    outer loop
      vertex 193.306 171.006 63.1951
      vertex 193.214 171.144 15.8315
      vertex 193.306 171.006 15.6935
    endloop
  endfacet
  facet normal -0.832853 -0.553495 0
    outer loop
      vertex 193.094 171.325 15.9061
      vertex 193.306 171.006 63.1951
      vertex 193.094 171.325 63.1951
    endloop
  endfacet
  facet normal -0.907917 0.181583 0.377774
    outer loop
      vertex 193.094 174.575 63.1951
      vertex 193.019 174.2 63.1951
      vertex 193.169 174.2 63.5556
    endloop
  endfacet
  facet normal -0.00809289 0.709776 0.704381
    outer loop
      vertex 198.319 175.031 63.5556
      vertex 198.214 174.756 63.8315
      vertex 198.306 174.894 63.6935
    endloop
  endfacet
  facet normal 0.0257985 0.707965 0.705776
    outer loop
      vertex 198.319 175.031 63.5556
      vertex 198.306 174.894 63.6935
      vertex 198.319 174.902 63.685
    endloop
  endfacet
  facet normal 0 0.708261 0.705951
    outer loop
      vertex 198.214 174.756 63.8315
      vertex 198.319 175.031 63.5556
      vertex 194 175.031 63.5556
    endloop
  endfacet
  facet normal 0 0.708261 0.705951
    outer loop
      vertex 198.214 174.756 63.8315
      vertex 194 175.031 63.5556
      vertex 194 174.756 63.8315
    endloop
  endfacet
  facet normal -0.323632 -0.215755 0.921256
    outer loop
      vertex 193.82 171.625 63.9808
      vertex 193.487 171.487 63.8315
      vertex 193.607 171.307 63.8315
    endloop
  endfacet
  facet normal -0.51278 0.771588 0.376443
    outer loop
      vertex 193.625 175.106 63.1951
      vertex 193.306 174.894 63.1951
      vertex 193.682 174.968 63.5556
    endloop
  endfacet
  facet normal -0.553495 -0.832853 0
    outer loop
      vertex 193.306 171.006 15.6935
      vertex 193.625 170.794 63.1951
      vertex 193.306 171.006 63.1951
    endloop
  endfacet
  facet normal -0.551915 -0.8339 -1.52818e-05
    outer loop
      vertex 193.513 170.869 15.5556
      vertex 193.625 170.794 63.1951
      vertex 193.306 171.006 15.6935
    endloop
  endfacet
  facet normal -0.556411 -0.830907 -0
    outer loop
      vertex 193.625 170.794 63.1951
      vertex 193.513 170.869 15.5556
      vertex 193.625 170.794 15.3753
    endloop
  endfacet
  facet normal 0 -0.923266 0.384161
    outer loop
      vertex 194 170.719 63.1951
      vertex 198.513 170.869 63.5556
      vertex 194 170.869 63.5556
    endloop
  endfacet
  facet normal 8.10796e-06 -0.923302 0.384074
    outer loop
      vertex 198.513 170.869 63.5556
      vertex 194 170.719 63.1951
      vertex 198.625 170.794 63.3753
    endloop
  endfacet
  facet normal 0 -0.923228 0.384252
    outer loop
      vertex 198.625 170.794 63.3753
      vertex 194 170.719 63.1951
      vertex 199 170.719 63.1951
    endloop
  endfacet
  facet normal -0.141543 -0.70113 0.698843
    outer loop
      vertex 194 171.144 63.8315
      vertex 193.787 171.187 63.8315
      vertex 194 170.869 63.5556
    endloop
  endfacet
  facet normal -0.70113 0.141543 0.698843
    outer loop
      vertex 193.487 174.413 63.8315
      vertex 193.169 174.2 63.5556
      vertex 193.444 174.2 63.8315
    endloop
  endfacet
  facet normal -0.381426 -0.0762851 0.921246
    outer loop
      vertex 193.805 171.7 63.9808
      vertex 193.487 171.487 63.8315
      vertex 193.82 171.625 63.9808
    endloop
  endfacet
  facet normal -0.700391 0.138757 0.700142
    outer loop
      vertex 193.232 174.518 63.5556
      vertex 193.169 174.2 63.5556
      vertex 193.487 174.413 63.8315
    endloop
  endfacet
  facet normal -0.771588 0.51278 0.376443
    outer loop
      vertex 193.306 174.894 63.1951
      vertex 193.094 174.575 63.1951
      vertex 193.232 174.518 63.5556
    endloop
  endfacet
  facet normal -0.90881 0.180047 0.376362
    outer loop
      vertex 193.232 174.518 63.5556
      vertex 193.094 174.575 63.1951
      vertex 193.169 174.2 63.5556
    endloop
  endfacet
  facet normal -0.181583 -0.907917 0.377774
    outer loop
      vertex 194 170.869 63.5556
      vertex 193.625 170.794 63.1951
      vertex 194 170.719 63.1951
    endloop
  endfacet
  facet normal 0 -0.382178 0.924089
    outer loop
      vertex 194 171.144 63.8315
      vertex 198.058 171.505 63.9808
      vertex 194 171.505 63.9808
    endloop
  endfacet
  facet normal 0.000115169 -0.383284 0.923631
    outer loop
      vertex 198.058 171.505 63.9808
      vertex 194 171.144 63.8315
      vertex 198.094 171.325 63.9061
    endloop
  endfacet
  facet normal 0 -0.381058 0.924551
    outer loop
      vertex 198.094 171.325 63.9061
      vertex 194 171.144 63.8315
      vertex 198.214 171.144 63.8315
    endloop
  endfacet
  facet normal 0 -0.708261 0.705951
    outer loop
      vertex 194 170.869 63.5556
      vertex 198.214 171.144 63.8315
      vertex 194 171.144 63.8315
    endloop
  endfacet
  facet normal -0.000144713 -0.707155 0.707059
    outer loop
      vertex 198.214 171.144 63.8315
      vertex 194 170.869 63.5556
      vertex 198.306 171.006 63.6935
    endloop
  endfacet
  facet normal 0 -0.709418 0.704788
    outer loop
      vertex 198.306 171.006 63.6935
      vertex 194 170.869 63.5556
      vertex 198.513 170.869 63.5556
    endloop
  endfacet
  facet normal -0.70113 -0.141543 0.698843
    outer loop
      vertex 193.444 171.7 63.8315
      vertex 193.169 171.7 63.5556
      vertex 193.487 171.487 63.8315
    endloop
  endfacet
  facet normal -0.907917 -0.181583 0.377774
    outer loop
      vertex 193.169 171.7 63.5556
      vertex 193.019 171.7 63.1951
      vertex 193.094 171.325 63.1951
    endloop
  endfacet
  facet normal -0.594224 -0.396149 0.699974
    outer loop
      vertex 193.487 171.487 63.8315
      vertex 193.232 171.382 63.5556
      vertex 193.412 171.112 63.5556
    endloop
  endfacet
  facet normal -0.770462 0.513641 0.377573
    outer loop
      vertex 193.306 174.894 63.1951
      vertex 193.232 174.518 63.5556
      vertex 193.412 174.788 63.5556
    endloop
  endfacet
  facet normal -0.594224 0.396149 0.699974
    outer loop
      vertex 193.412 174.788 63.5556
      vertex 193.232 174.518 63.5556
      vertex 193.487 174.413 63.8315
    endloop
  endfacet
  facet normal -0.396149 -0.594224 0.699974
    outer loop
      vertex 193.787 171.187 63.8315
      vertex 193.412 171.112 63.5556
      vertex 193.682 170.932 63.5556
    endloop
  endfacet
  facet normal -0.180047 -0.90881 0.376362
    outer loop
      vertex 193.682 170.932 63.5556
      vertex 193.625 170.794 63.1951
      vertex 194 170.869 63.5556
    endloop
  endfacet
  facet normal -0.0769248 -0.381046 0.92135
    outer loop
      vertex 194 171.505 63.9808
      vertex 193.787 171.187 63.8315
      vertex 194 171.144 63.8315
    endloop
  endfacet
  facet normal -0.0769248 0.381046 0.92135
    outer loop
      vertex 194 174.756 63.8315
      vertex 193.787 174.713 63.8315
      vertex 194 174.395 63.9808
    endloop
  endfacet
  facet normal -0.141543 0.70113 0.698843
    outer loop
      vertex 194 175.031 63.5556
      vertex 193.787 174.713 63.8315
      vertex 194 174.756 63.8315
    endloop
  endfacet
  facet normal -0.90881 -0.180047 0.376362
    outer loop
      vertex 193.169 171.7 63.5556
      vertex 193.094 171.325 63.1951
      vertex 193.232 171.382 63.5556
    endloop
  endfacet
  facet normal -0.771588 -0.51278 0.376443
    outer loop
      vertex 193.232 171.382 63.5556
      vertex 193.094 171.325 63.1951
      vertex 193.306 171.006 63.1951
    endloop
  endfacet
  facet normal -0.381046 -0.0769248 0.92135
    outer loop
      vertex 193.805 171.7 63.9808
      vertex 193.444 171.7 63.8315
      vertex 193.487 171.487 63.8315
    endloop
  endfacet
  facet normal -0.382178 0 0.924089
    outer loop
      vertex 193.444 174.2 63.8315
      vertex 193.805 171.7 63.9808
      vertex 193.805 174.2 63.9808
    endloop
  endfacet
  facet normal -0.382178 0 0.924089
    outer loop
      vertex 193.805 171.7 63.9808
      vertex 193.444 174.2 63.8315
      vertex 193.444 171.7 63.8315
    endloop
  endfacet
  facet normal -0.0762851 -0.381426 0.921246
    outer loop
      vertex 193.925 171.52 63.9808
      vertex 193.787 171.187 63.8315
      vertex 194 171.505 63.9808
    endloop
  endfacet
  facet normal -0.513641 -0.770462 0.377573
    outer loop
      vertex 193.412 171.112 63.5556
      vertex 193.306 171.006 63.1951
      vertex 193.682 170.932 63.5556
    endloop
  endfacet
  facet normal -0.138757 -0.700391 0.700142
    outer loop
      vertex 193.787 171.187 63.8315
      vertex 193.682 170.932 63.5556
      vertex 194 170.869 63.5556
    endloop
  endfacet
  facet normal -0 0.381058 0.924551
    outer loop
      vertex 194 174.756 63.8315
      vertex 198.094 174.575 63.9061
      vertex 198.214 174.756 63.8315
    endloop
  endfacet
  facet normal 0.000115169 0.383284 0.923631
    outer loop
      vertex 194 174.756 63.8315
      vertex 198.058 174.395 63.9808
      vertex 198.094 174.575 63.9061
    endloop
  endfacet
  facet normal 0 0.382178 0.924089
    outer loop
      vertex 198.058 174.395 63.9808
      vertex 194 174.756 63.8315
      vertex 194 174.395 63.9808
    endloop
  endfacet
  facet normal -0.323632 0.215755 0.921256
    outer loop
      vertex 193.607 174.593 63.8315
      vertex 193.487 174.413 63.8315
      vertex 193.82 174.275 63.9808
    endloop
  endfacet
  facet normal -0.513641 0.770462 0.377573
    outer loop
      vertex 193.682 174.968 63.5556
      vertex 193.306 174.894 63.1951
      vertex 193.412 174.788 63.5556
    endloop
  endfacet
  facet normal -0.138757 0.700391 0.700142
    outer loop
      vertex 194 175.031 63.5556
      vertex 193.682 174.968 63.5556
      vertex 193.787 174.713 63.8315
    endloop
  endfacet
  facet normal -1 0 0
    outer loop
      vertex 193.019 171.7 15.9808
      vertex 193.019 174.2 63.1951
      vertex 193.019 174.2 15.9808
    endloop
  endfacet
  facet normal -1 -0 0
    outer loop
      vertex 193.019 174.2 63.1951
      vertex 193.019 171.7 15.9808
      vertex 193.019 171.7 63.1951
    endloop
  endfacet
  facet normal -0.215755 -0.323632 0.921256
    outer loop
      vertex 193.862 171.562 63.9808
      vertex 193.607 171.307 63.8315
      vertex 193.925 171.52 63.9808
    endloop
  endfacet
  facet normal -0.215755 -0.323632 0.921256
    outer loop
      vertex 193.925 171.52 63.9808
      vertex 193.607 171.307 63.8315
      vertex 193.787 171.187 63.8315
    endloop
  endfacet
  facet normal -0.396149 -0.594224 0.699974
    outer loop
      vertex 193.607 171.307 63.8315
      vertex 193.412 171.112 63.5556
      vertex 193.787 171.187 63.8315
    endloop
  endfacet
  facet normal 0 0 1
    outer loop
      vertex 198.019 174.2 63.9808
      vertex 194 174.395 63.9808
      vertex 198.019 171.7 63.9808
    endloop
  endfacet
  facet normal -0 0 1
    outer loop
      vertex 194 174.395 63.9808
      vertex 198.019 174.2 63.9808
      vertex 198.058 174.395 63.9808
    endloop
  endfacet
  facet normal 0 0 1
    outer loop
      vertex 194 171.505 63.9808
      vertex 198.019 171.7 63.9808
      vertex 194 174.395 63.9808
    endloop
  endfacet
  facet normal 0 0 1
    outer loop
      vertex 198.019 171.7 63.9808
      vertex 194 171.505 63.9808
      vertex 198.058 171.505 63.9808
    endloop
  endfacet
  facet normal 0 0 1
    outer loop
      vertex 193.805 174.2 63.9808
      vertex 194 174.395 63.9808
      vertex 193.925 174.38 63.9808
    endloop
  endfacet
  facet normal 0 0 1
    outer loop
      vertex 194 174.395 63.9808
      vertex 193.805 174.2 63.9808
      vertex 194 171.505 63.9808
    endloop
  endfacet
  facet normal 0 0 1
    outer loop
      vertex 193.805 174.2 63.9808
      vertex 193.925 174.38 63.9808
      vertex 193.862 174.338 63.9808
    endloop
  endfacet
  facet normal -0 0 1
    outer loop
      vertex 193.805 171.7 63.9808
      vertex 194 171.505 63.9808
      vertex 193.805 174.2 63.9808
    endloop
  endfacet
  facet normal 0 0 1
    outer loop
      vertex 193.805 174.2 63.9808
      vertex 193.862 174.338 63.9808
      vertex 193.82 174.275 63.9808
    endloop
  endfacet
  facet normal 0 0 1
    outer loop
      vertex 194 171.505 63.9808
      vertex 193.805 171.7 63.9808
      vertex 193.925 171.52 63.9808
    endloop
  endfacet
  facet normal 0 0 1
    outer loop
      vertex 193.925 171.52 63.9808
      vertex 193.805 171.7 63.9808
      vertex 193.862 171.562 63.9808
    endloop
  endfacet
  facet normal 0 0 1
    outer loop
      vertex 193.862 171.562 63.9808
      vertex 193.805 171.7 63.9808
      vertex 193.82 171.625 63.9808
    endloop
  endfacet
  facet normal -0.381426 0.0762851 0.921246
    outer loop
      vertex 193.82 174.275 63.9808
      vertex 193.487 174.413 63.8315
      vertex 193.805 174.2 63.9808
    endloop
  endfacet
  facet normal -0.0762851 0.381426 0.921246
    outer loop
      vertex 194 174.395 63.9808
      vertex 193.787 174.713 63.8315
      vertex 193.925 174.38 63.9808
    endloop
  endfacet
  facet normal -0.396149 0.594224 0.699974
    outer loop
      vertex 193.682 174.968 63.5556
      vertex 193.412 174.788 63.5556
      vertex 193.787 174.713 63.8315
    endloop
  endfacet
  facet normal -0.323632 0.215755 0.921256
    outer loop
      vertex 193.862 174.338 63.9808
      vertex 193.607 174.593 63.8315
      vertex 193.82 174.275 63.9808
    endloop
  endfacet
  facet normal -0.980581 0.196116 0
    outer loop
      vertex 193.058 174.395 15.9808
      vertex 193.094 174.575 63.1951
      vertex 193.094 174.575 15.9061
    endloop
  endfacet
  facet normal -0.980581 0.196116 4.44899e-16
    outer loop
      vertex 193.019 174.2 15.9808
      vertex 193.094 174.575 63.1951
      vertex 193.058 174.395 15.9808
    endloop
  endfacet
  facet normal -0.980581 0.196116 0
    outer loop
      vertex 193.094 174.575 63.1951
      vertex 193.019 174.2 15.9808
      vertex 193.019 174.2 63.1951
    endloop
  endfacet
  facet normal -0.83205 0.5547 0
    outer loop
      vertex 193.214 174.756 15.8315
      vertex 193.306 174.894 63.1951
      vertex 193.306 174.894 15.6935
    endloop
  endfacet
  facet normal -0.833463 0.552576 8.93366e-06
    outer loop
      vertex 193.094 174.575 15.9061
      vertex 193.306 174.894 63.1951
      vertex 193.214 174.756 15.8315
    endloop
  endfacet
  facet normal -0.832853 0.553495 0
    outer loop
      vertex 193.306 174.894 63.1951
      vertex 193.094 174.575 15.9061
      vertex 193.094 174.575 63.1951
    endloop
  endfacet
  facet normal -0.215755 0.323632 0.921256
    outer loop
      vertex 193.787 174.713 63.8315
      vertex 193.607 174.593 63.8315
      vertex 193.925 174.38 63.9808
    endloop
  endfacet
  facet normal -0.396149 0.594224 0.699974
    outer loop
      vertex 193.787 174.713 63.8315
      vertex 193.412 174.788 63.5556
      vertex 193.607 174.593 63.8315
    endloop
  endfacet
  facet normal -0.594224 0.396149 0.699974
    outer loop
      vertex 193.607 174.593 63.8315
      vertex 193.412 174.788 63.5556
      vertex 193.487 174.413 63.8315
    endloop
  endfacet
  facet normal -0.215755 0.323632 0.921256
    outer loop
      vertex 193.925 174.38 63.9808
      vertex 193.607 174.593 63.8315
      vertex 193.862 174.338 63.9808
    endloop
  endfacet
  facet normal 0 0.923892 0.382653
    outer loop
      vertex 223.619 4.98078 10.5451
      vertex 4.98078 4.83147 10.9056
      vertex 223.619 4.83147 10.9056
    endloop
  endfacet
  facet normal 0 0.923892 0.382653
    outer loop
      vertex 4.98078 4.83147 10.9056
      vertex 223.619 4.98078 10.5451
      vertex 4.98078 4.98078 10.5451
    endloop
  endfacet
  facet normal 0 1 -0
    outer loop
      vertex 223.619 4.98078 4.98078
      vertex 4.98078 4.98078 10.5451
      vertex 223.619 4.98078 10.5451
    endloop
  endfacet
  facet normal 0 1 0
    outer loop
      vertex 4.98078 4.98078 10.5451
      vertex 223.619 4.98078 4.98078
      vertex 4.98078 4.98078 4.98078
    endloop
  endfacet
  facet normal 0 0.707107 0.707107
    outer loop
      vertex 223.619 4.83147 10.9056
      vertex 4.98078 4.55557 11.1815
      vertex 223.619 4.55557 11.1815
    endloop
  endfacet
  facet normal 0 0.707107 0.707107
    outer loop
      vertex 4.98078 4.55557 11.1815
      vertex 223.619 4.83147 10.9056
      vertex 4.98078 4.83147 10.9056
    endloop
  endfacet
  facet normal -0 0.382649 0.923894
    outer loop
      vertex 4.98078 4.55557 11.1815
      vertex 223.619 4.19509 11.3308
      vertex 223.619 4.55557 11.1815
    endloop
  endfacet
  facet normal 0 0.382649 0.923894
    outer loop
      vertex 223.619 4.19509 11.3308
      vertex 4.98078 4.55557 11.1815
      vertex 4.98078 4.19509 11.3308
    endloop
  endfacet
  facet normal -0 0 1
    outer loop
      vertex 4.98078 4.19509 11.3308
      vertex 223.619 0 11.3308
      vertex 223.619 4.19509 11.3308
    endloop
  endfacet
  facet normal 0 0 1
    outer loop
      vertex 223.619 0 11.3308
      vertex 4.98078 4.19509 11.3308
      vertex 4.98078 0 11.3308
    endloop
  endfacet
  facet normal 0 0 -1
    outer loop
      vertex 228.6 0 2.01922
      vertex 225.081 4.5 2.01922
      vertex 228.6 203.2 2.01922
    endloop
  endfacet
  facet normal 0 0 -1
    outer loop
      vertex 228.6 0 2.01922
      vertex 225.006 4.12467 2.01922
      vertex 225.081 4.5 2.01922
    endloop
  endfacet
  facet normal 0 0 -1
    outer loop
      vertex 228.6 0 2.01922
      vertex 224.794 3.80648 2.01922
      vertex 225.006 4.12467 2.01922
    endloop
  endfacet
  facet normal 0 0 -1
    outer loop
      vertex 228.6 0 2.01922
      vertex 224.475 3.59387 2.01922
      vertex 224.794 3.80648 2.01922
    endloop
  endfacet
  facet normal 0 0 -1
    outer loop
      vertex 228.6 0 2.01922
      vertex 224.1 3.51922 2.01922
      vertex 224.475 3.59387 2.01922
    endloop
  endfacet
  facet normal 0 0 -1
    outer loop
      vertex 228.6 0 2.01922
      vertex 4.5 3.51922 2.01922
      vertex 224.1 3.51922 2.01922
    endloop
  endfacet
  facet normal -0 0 -1
    outer loop
      vertex 3.51922 4.5 2.01922
      vertex 0 0 2.01922
      vertex 3.51922 198.7 2.01922
    endloop
  endfacet
  facet normal -0 0 -1
    outer loop
      vertex 3.59387 4.12467 2.01922
      vertex 0 0 2.01922
      vertex 3.51922 4.5 2.01922
    endloop
  endfacet
  facet normal -0 0 -1
    outer loop
      vertex 3.80648 3.80648 2.01922
      vertex 0 0 2.01922
      vertex 3.59387 4.12467 2.01922
    endloop
  endfacet
  facet normal -0 0 -1
    outer loop
      vertex 4.12467 3.59387 2.01922
      vertex 0 0 2.01922
      vertex 3.80648 3.80648 2.01922
    endloop
  endfacet
  facet normal -0 0 -1
    outer loop
      vertex 4.5 3.51922 2.01922
      vertex 0 0 2.01922
      vertex 4.12467 3.59387 2.01922
    endloop
  endfacet
  facet normal 0 0 -1
    outer loop
      vertex 0 0 2.01922
      vertex 4.5 3.51922 2.01922
      vertex 228.6 0 2.01922
    endloop
  endfacet
  facet normal 0 0 -1
    outer loop
      vertex 225.081 198.7 2.01922
      vertex 228.6 203.2 2.01922
      vertex 225.081 4.5 2.01922
    endloop
  endfacet
  facet normal 0 0 -1
    outer loop
      vertex 225.006 199.075 2.01922
      vertex 228.6 203.2 2.01922
      vertex 225.081 198.7 2.01922
    endloop
  endfacet
  facet normal 0 0 -1
    outer loop
      vertex 224.794 199.394 2.01922
      vertex 228.6 203.2 2.01922
      vertex 225.006 199.075 2.01922
    endloop
  endfacet
  facet normal 0 0 -1
    outer loop
      vertex 224.475 199.606 2.01922
      vertex 228.6 203.2 2.01922
      vertex 224.794 199.394 2.01922
    endloop
  endfacet
  facet normal 0 0 -1
    outer loop
      vertex 224.1 199.681 2.01922
      vertex 228.6 203.2 2.01922
      vertex 224.475 199.606 2.01922
    endloop
  endfacet
  facet normal 0 0 -1
    outer loop
      vertex 4.5 199.681 2.01922
      vertex 228.6 203.2 2.01922
      vertex 224.1 199.681 2.01922
    endloop
  endfacet
  facet normal 0 0 -1
    outer loop
      vertex 4.5 199.681 2.01922
      vertex 0 203.2 2.01922
      vertex 228.6 203.2 2.01922
    endloop
  endfacet
  facet normal 0 0 -1
    outer loop
      vertex 4.12467 199.606 2.01922
      vertex 0 203.2 2.01922
      vertex 4.5 199.681 2.01922
    endloop
  endfacet
  facet normal 0 0 -1
    outer loop
      vertex 3.80648 199.394 2.01922
      vertex 0 203.2 2.01922
      vertex 4.12467 199.606 2.01922
    endloop
  endfacet
  facet normal 0 0 -1
    outer loop
      vertex 3.59387 199.075 2.01922
      vertex 0 203.2 2.01922
      vertex 3.80648 199.394 2.01922
    endloop
  endfacet
  facet normal 0 0 -1
    outer loop
      vertex 3.51922 198.7 2.01922
      vertex 0 203.2 2.01922
      vertex 3.59387 199.075 2.01922
    endloop
  endfacet
  facet normal 0 0 -1
    outer loop
      vertex 0 203.2 2.01922
      vertex 3.51922 198.7 2.01922
      vertex 0 0 2.01922
    endloop
  endfacet
  facet normal -0.514136 -0.770347 -0.377135
    outer loop
      vertex 44.6818 170.932 8.44443
      vertex 44.3065 171.006 8.80491
      vertex 44.4121 171.112 8.44443
    endloop
  endfacet
  facet normal 0.0769292 -0.381068 -0.921341
    outer loop
      vertex 202.213 171.187 8.16853
      vertex 202 171.144 8.16853
      vertex 202 171.505 8.01922
    endloop
  endfacet
  facet normal 0.381447 -0.0762895 -0.921237
    outer loop
      vertex 202.513 171.487 8.16853
      vertex 202.18 171.625 8.01922
      vertex 202.195 171.7 8.01922
    endloop
  endfacet
  facet normal 0.138757 -0.700391 -0.700142
    outer loop
      vertex 202.318 170.932 8.44443
      vertex 202 170.869 8.44443
      vertex 202.213 171.187 8.16853
    endloop
  endfacet
  facet normal 0 -0.383303 0.923623
    outer loop
      vertex 53.942 171.505 15.9808
      vertex 193.094 171.325 15.9061
      vertex 193.058 171.505 15.9808
    endloop
  endfacet
  facet normal 0 -0.383303 0.923623
    outer loop
      vertex 53.9061 171.325 15.9061
      vertex 193.094 171.325 15.9061
      vertex 53.942 171.505 15.9808
    endloop
  endfacet
  facet normal 0 -0.381058 0.924551
    outer loop
      vertex 193.094 171.325 15.9061
      vertex 53.9061 171.325 15.9061
      vertex 193.214 171.144 15.8315
    endloop
  endfacet
  facet normal 0 -0.381058 0.924551
    outer loop
      vertex 193.214 171.144 15.8315
      vertex 53.9061 171.325 15.9061
      vertex 53.7857 171.144 15.8315
    endloop
  endfacet
  facet normal 0 -0.923259 -0.384179
    outer loop
      vertex 45 170.869 8.44443
      vertex 202 170.719 8.80491
      vertex 45 170.719 8.80491
    endloop
  endfacet
  facet normal 0 -0.923259 -0.384179
    outer loop
      vertex 202 170.719 8.80491
      vertex 45 170.869 8.44443
      vertex 202 170.869 8.44443
    endloop
  endfacet
  facet normal 0.923259 0 -0.384179
    outer loop
      vertex 202.981 171.7 8.80491
      vertex 202.906 176.325 8.62467
      vertex 202.981 176.7 8.80491
    endloop
  endfacet
  facet normal 0.923259 -5.54127e-15 -0.384179
    outer loop
      vertex 202.981 171.7 8.80491
      vertex 202.831 176.213 8.44443
      vertex 202.906 176.325 8.62467
    endloop
  endfacet
  facet normal 0.923259 0 -0.384179
    outer loop
      vertex 202.831 176.213 8.44443
      vertex 202.981 171.7 8.80491
      vertex 202.831 171.7 8.44443
    endloop
  endfacet
  facet normal 0 -0.923304 0.38407
    outer loop
      vertex 53.3753 170.794 15.3753
      vertex 193.513 170.869 15.5556
      vertex 53.4871 170.869 15.5556
    endloop
  endfacet
  facet normal 0 -0.923304 0.38407
    outer loop
      vertex 53.3753 170.794 15.3753
      vertex 193.625 170.794 15.3753
      vertex 193.513 170.869 15.5556
    endloop
  endfacet
  facet normal 0 -0.923228 0.384252
    outer loop
      vertex 53 170.719 15.1951
      vertex 193.625 170.794 15.3753
      vertex 53.3753 170.794 15.3753
    endloop
  endfacet
  facet normal 0 -0.923228 0.384252
    outer loop
      vertex 193.625 170.794 15.3753
      vertex 53 170.719 15.1951
      vertex 194 170.719 15.1951
    endloop
  endfacet
  facet normal -0.381553 -0.0757731 -0.921236
    outer loop
      vertex 44.4867 171.487 8.16853
      vertex 44.4444 171.7 8.16853
      vertex 44.8049 171.7 8.01922
    endloop
  endfacet
  facet normal 0.512775 -0.771582 -0.376461
    outer loop
      vertex 202.375 170.794 8.80491
      vertex 202.318 170.932 8.44443
      vertex 202.694 171.006 8.80491
    endloop
  endfacet
  facet normal 0.141543 -0.70113 -0.698843
    outer loop
      vertex 202.213 171.187 8.16853
      vertex 202 170.869 8.44443
      vertex 202 171.144 8.16853
    endloop
  endfacet
  facet normal 0 0.707107 0.707107
    outer loop
      vertex 193.306 174.894 15.6935
      vertex 53.7857 174.756 15.8315
      vertex 193.214 174.756 15.8315
    endloop
  endfacet
  facet normal 0 0.707107 0.707107
    outer loop
      vertex 193.306 174.894 15.6935
      vertex 53.6935 174.894 15.6935
      vertex 53.7857 174.756 15.8315
    endloop
  endfacet
  facet normal 0 0.709418 0.704788
    outer loop
      vertex 193.513 175.031 15.5556
      vertex 53.6935 174.894 15.6935
      vertex 193.306 174.894 15.6935
    endloop
  endfacet
  facet normal 0 0.709418 0.704788
    outer loop
      vertex 53.6935 174.894 15.6935
      vertex 193.513 175.031 15.5556
      vertex 53.4871 175.031 15.5556
    endloop
  endfacet
  facet normal 0.180046 -0.908802 -0.37638
    outer loop
      vertex 202.375 170.794 8.80491
      vertex 202 170.869 8.44443
      vertex 202.318 170.932 8.44443
    endloop
  endfacet
  facet normal -0.513658 -0.770971 -0.376509
    outer loop
      vertex 44.6247 170.794 8.80491
      vertex 44.3065 171.006 8.80491
      vertex 44.6818 170.932 8.44443
    endloop
  endfacet
  facet normal 0 -0.707107 0.707107
    outer loop
      vertex 53.6935 171.006 15.6935
      vertex 193.214 171.144 15.8315
      vertex 53.7857 171.144 15.8315
    endloop
  endfacet
  facet normal 0 -0.707107 0.707107
    outer loop
      vertex 53.6935 171.006 15.6935
      vertex 193.306 171.006 15.6935
      vertex 193.214 171.144 15.8315
    endloop
  endfacet
  facet normal 0 -0.709418 0.704788
    outer loop
      vertex 53.4871 170.869 15.5556
      vertex 193.306 171.006 15.6935
      vertex 53.6935 171.006 15.6935
    endloop
  endfacet
  facet normal 0 -0.709418 0.704788
    outer loop
      vertex 193.306 171.006 15.6935
      vertex 53.4871 170.869 15.5556
      vertex 193.513 170.869 15.5556
    endloop
  endfacet
  facet normal 0.513637 -0.770456 -0.377591
    outer loop
      vertex 202.694 171.006 8.80491
      vertex 202.318 170.932 8.44443
      vertex 202.588 171.112 8.44443
    endloop
  endfacet
  facet normal 0.396149 -0.594224 -0.699974
    outer loop
      vertex 202.318 170.932 8.44443
      vertex 202.213 171.187 8.16853
      vertex 202.588 171.112 8.44443
    endloop
  endfacet
  facet normal -0.707107 0 -0.707107
    outer loop
      vertex 44.1685 171.7 8.44443
      vertex 44.4444 175.914 8.16853
      vertex 44.4444 171.7 8.16853
    endloop
  endfacet
  facet normal -0.70723 1.60807e-05 -0.706984
    outer loop
      vertex 44.4444 175.914 8.16853
      vertex 44.1685 171.7 8.44443
      vertex 44.3065 176.006 8.30648
    endloop
  endfacet
  facet normal -0.706979 0 -0.707235
    outer loop
      vertex 44.3065 176.006 8.30648
      vertex 44.1685 171.7 8.44443
      vertex 44.1685 176.213 8.44443
    endloop
  endfacet
  facet normal 0 0.383303 0.923623
    outer loop
      vertex 193.094 174.575 15.9061
      vertex 53.942 174.395 15.9808
      vertex 193.058 174.395 15.9808
    endloop
  endfacet
  facet normal -0 0.381058 0.924551
    outer loop
      vertex 53.9061 174.575 15.9061
      vertex 193.094 174.575 15.9061
      vertex 193.214 174.756 15.8315
    endloop
  endfacet
  facet normal 0 0.383303 0.923623
    outer loop
      vertex 193.094 174.575 15.9061
      vertex 53.9061 174.575 15.9061
      vertex 53.942 174.395 15.9808
    endloop
  endfacet
  facet normal 0 0.381058 0.924551
    outer loop
      vertex 53.9061 174.575 15.9061
      vertex 193.214 174.756 15.8315
      vertex 53.7857 174.756 15.8315
    endloop
  endfacet
  facet normal 0 0.923304 0.38407
    outer loop
      vertex 193.625 175.106 15.3753
      vertex 53.4871 175.031 15.5556
      vertex 193.513 175.031 15.5556
    endloop
  endfacet
  facet normal 0 0.923304 0.38407
    outer loop
      vertex 193.625 175.106 15.3753
      vertex 53.3753 175.106 15.3753
      vertex 53.4871 175.031 15.5556
    endloop
  endfacet
  facet normal 0 0.923228 0.384252
    outer loop
      vertex 194 175.181 15.1951
      vertex 53.3753 175.106 15.3753
      vertex 193.625 175.106 15.3753
    endloop
  endfacet
  facet normal 0 0.923228 0.384252
    outer loop
      vertex 53.3753 175.106 15.3753
      vertex 194 175.181 15.1951
      vertex 53 175.181 15.1951
    endloop
  endfacet
  facet normal 0 0 1
    outer loop
      vertex 193.019 174.2 15.9808
      vertex 53.9808 174.2 15.9808
      vertex 193.019 171.7 15.9808
    endloop
  endfacet
  facet normal 0 0 1
    outer loop
      vertex 193.058 174.395 15.9808
      vertex 53.9808 174.2 15.9808
      vertex 193.019 174.2 15.9808
    endloop
  endfacet
  facet normal 0 -0 1
    outer loop
      vertex 53.9808 174.2 15.9808
      vertex 193.058 174.395 15.9808
      vertex 53.942 174.395 15.9808
    endloop
  endfacet
  facet normal 0 0 1
    outer loop
      vertex 53.9808 171.7 15.9808
      vertex 193.019 171.7 15.9808
      vertex 53.9808 174.2 15.9808
    endloop
  endfacet
  facet normal 0 0 1
    outer loop
      vertex 193.019 171.7 15.9808
      vertex 53.9808 171.7 15.9808
      vertex 193.058 171.505 15.9808
    endloop
  endfacet
  facet normal 0 0 1
    outer loop
      vertex 193.058 171.505 15.9808
      vertex 53.9808 171.7 15.9808
      vertex 53.942 171.505 15.9808
    endloop
  endfacet
  facet normal 0.181582 -0.90791 -0.377792
    outer loop
      vertex 202.375 170.794 8.80491
      vertex 202 170.719 8.80491
      vertex 202 170.869 8.44443
    endloop
  endfacet
  facet normal 0 -0.3822 -0.92408
    outer loop
      vertex 45 171.144 8.16853
      vertex 202 171.505 8.01922
      vertex 202 171.144 8.16853
    endloop
  endfacet
  facet normal -0 -0.3822 -0.92408
    outer loop
      vertex 202 171.505 8.01922
      vertex 45 171.144 8.16853
      vertex 45 171.505 8.01922
    endloop
  endfacet
  facet normal -0.322824 -0.216753 -0.921305
    outer loop
      vertex 44.8621 171.562 8.01922
      vertex 44.6072 171.307 8.16853
      vertex 44.8198 171.625 8.01922
    endloop
  endfacet
  facet normal 0 -0.708261 -0.705951
    outer loop
      vertex 45 171.144 8.16853
      vertex 202 170.869 8.44443
      vertex 45 170.869 8.44443
    endloop
  endfacet
  facet normal 0 -0.708261 -0.705951
    outer loop
      vertex 202 170.869 8.44443
      vertex 45 171.144 8.16853
      vertex 202 171.144 8.16853
    endloop
  endfacet
  facet normal 0.709546 0 -0.704659
    outer loop
      vertex 202.831 171.7 8.44443
      vertex 202.694 176.006 8.30648
      vertex 202.831 176.213 8.44443
    endloop
  endfacet
  facet normal 0.707032 -0.000160762 -0.707181
    outer loop
      vertex 202.831 171.7 8.44443
      vertex 202.556 175.914 8.16853
      vertex 202.694 176.006 8.30648
    endloop
  endfacet
  facet normal 0.708261 0 -0.705951
    outer loop
      vertex 202.556 175.914 8.16853
      vertex 202.831 171.7 8.44443
      vertex 202.556 171.7 8.16853
    endloop
  endfacet
  facet normal 0.38132 0 -0.924443
    outer loop
      vertex 202.556 171.7 8.16853
      vertex 202.375 175.794 8.09387
      vertex 202.556 175.914 8.16853
    endloop
  endfacet
  facet normal 0.3822 0 -0.92408
    outer loop
      vertex 202.195 175.758 8.01922
      vertex 202.556 171.7 8.16853
      vertex 202.195 171.7 8.01922
    endloop
  endfacet
  facet normal 0.383069 9.05162e-05 -0.92372
    outer loop
      vertex 202.556 171.7 8.16853
      vertex 202.195 175.758 8.01922
      vertex 202.375 175.794 8.09387
    endloop
  endfacet
  facet normal -0.381538 -0.0757988 -0.92124
    outer loop
      vertex 44.8198 171.625 8.01922
      vertex 44.4867 171.487 8.16853
      vertex 44.8049 171.7 8.01922
    endloop
  endfacet
  facet normal -0.179934 -0.90881 -0.376415
    outer loop
      vertex 45 170.869 8.44443
      vertex 44.6247 170.794 8.80491
      vertex 44.6818 170.932 8.44443
    endloop
  endfacet
  facet normal -0.215611 -0.323776 -0.921239
    outer loop
      vertex 44.7874 171.187 8.16853
      vertex 44.6072 171.307 8.16853
      vertex 44.9253 171.52 8.01922
    endloop
  endfacet
  facet normal -0.323275 -0.216415 -0.921226
    outer loop
      vertex 44.6072 171.307 8.16853
      vertex 44.4867 171.487 8.16853
      vertex 44.8198 171.625 8.01922
    endloop
  endfacet
  facet normal 0.70113 -0.141543 -0.698843
    outer loop
      vertex 202.831 171.7 8.44443
      vertex 202.513 171.487 8.16853
      vertex 202.556 171.7 8.16853
    endloop
  endfacet
  facet normal 0.90791 -0.181582 -0.377792
    outer loop
      vertex 202.906 171.325 8.80491
      vertex 202.831 171.7 8.44443
      vertex 202.981 171.7 8.80491
    endloop
  endfacet
  facet normal -0.923894 0 -0.382649
    outer loop
      vertex 44.0192 171.7 8.80491
      vertex 44.1685 176.213 8.44443
      vertex 44.1685 171.7 8.44443
    endloop
  endfacet
  facet normal -0.92398 1.95056e-05 -0.382441
    outer loop
      vertex 44.1685 176.213 8.44443
      vertex 44.0192 171.7 8.80491
      vertex 44.0939 176.325 8.62467
    endloop
  endfacet
  facet normal -0.923803 0 -0.382868
    outer loop
      vertex 44.0939 176.325 8.62467
      vertex 44.0192 171.7 8.80491
      vertex 44.0192 176.7 8.80491
    endloop
  endfacet
  facet normal -0.908634 -0.181 -0.376329
    outer loop
      vertex 44.0939 171.325 8.80491
      vertex 44.0192 171.7 8.80491
      vertex 44.1685 171.7 8.44443
    endloop
  endfacet
  facet normal -0.593262 -0.397156 -0.70022
    outer loop
      vertex 44.6072 171.307 8.16853
      vertex 44.4121 171.112 8.44443
      vertex 44.4867 171.487 8.16853
    endloop
  endfacet
  facet normal -0.215376 -0.324089 -0.921184
    outer loop
      vertex 44.9253 171.52 8.01922
      vertex 44.6072 171.307 8.16853
      vertex 44.8621 171.562 8.01922
    endloop
  endfacet
  facet normal -0.181442 -0.907934 -0.377802
    outer loop
      vertex 45 170.719 8.80491
      vertex 44.6247 170.794 8.80491
      vertex 45 170.869 8.44443
    endloop
  endfacet
  facet normal -0.395825 -0.594397 -0.70001
    outer loop
      vertex 44.7874 171.187 8.16853
      vertex 44.4121 171.112 8.44443
      vertex 44.6072 171.307 8.16853
    endloop
  endfacet
  facet normal -0.382653 0 -0.923892
    outer loop
      vertex 44.4444 171.7 8.16853
      vertex 44.8049 175.758 8.01922
      vertex 44.8049 171.7 8.01922
    endloop
  endfacet
  facet normal -0.38272 7.02988e-06 -0.923864
    outer loop
      vertex 44.8049 175.758 8.01922
      vertex 44.4444 171.7 8.16853
      vertex 44.6247 175.794 8.09387
    endloop
  endfacet
  facet normal -0.382584 0 -0.923921
    outer loop
      vertex 44.6247 175.794 8.09387
      vertex 44.4444 171.7 8.16853
      vertex 44.4444 175.914 8.16853
    endloop
  endfacet
  facet normal 0 0 -1
    outer loop
      vertex 202 171.505 8.01922
      vertex 202.195 171.7 8.01922
      vertex 202.18 171.625 8.01922
    endloop
  endfacet
  facet normal 0 0 -1
    outer loop
      vertex 202 171.505 8.01922
      vertex 202.18 171.625 8.01922
      vertex 202.138 171.562 8.01922
    endloop
  endfacet
  facet normal 0 0 -1
    outer loop
      vertex 202 171.505 8.01922
      vertex 202.138 171.562 8.01922
      vertex 202.075 171.52 8.01922
    endloop
  endfacet
  facet normal -0 0 -1
    outer loop
      vertex 202.195 171.7 8.01922
      vertex 202 171.505 8.01922
      vertex 202 175.719 8.01922
    endloop
  endfacet
  facet normal 0 0 -1
    outer loop
      vertex 202.195 171.7 8.01922
      vertex 202 175.719 8.01922
      vertex 202.195 175.758 8.01922
    endloop
  endfacet
  facet normal 0 0 -1
    outer loop
      vertex 45 171.505 8.01922
      vertex 202 175.719 8.01922
      vertex 202 171.505 8.01922
    endloop
  endfacet
  facet normal 0 0 -1
    outer loop
      vertex 45 171.505 8.01922
      vertex 45 175.719 8.01922
      vertex 202 175.719 8.01922
    endloop
  endfacet
  facet normal 0 0 -1
    outer loop
      vertex 44.8049 171.7 8.01922
      vertex 45 171.505 8.01922
      vertex 44.9253 171.52 8.01922
    endloop
  endfacet
  facet normal 0 0 -1
    outer loop
      vertex 44.8049 171.7 8.01922
      vertex 44.9253 171.52 8.01922
      vertex 44.8621 171.562 8.01922
    endloop
  endfacet
  facet normal 0 0 -1
    outer loop
      vertex 44.8049 171.7 8.01922
      vertex 44.8621 171.562 8.01922
      vertex 44.8198 171.625 8.01922
    endloop
  endfacet
  facet normal 0 0 -1
    outer loop
      vertex 45 171.505 8.01922
      vertex 44.8049 171.7 8.01922
      vertex 45 175.719 8.01922
    endloop
  endfacet
  facet normal -0 0 -1
    outer loop
      vertex 45 175.719 8.01922
      vertex 44.8049 171.7 8.01922
      vertex 44.8049 175.758 8.01922
    endloop
  endfacet
  facet normal -0.141804 -0.701104 -0.698817
    outer loop
      vertex 45 170.869 8.44443
      vertex 44.7874 171.187 8.16853
      vertex 45 171.144 8.16853
    endloop
  endfacet
  facet normal 0.381068 -0.0769292 -0.921341
    outer loop
      vertex 202.513 171.487 8.16853
      vertex 202.195 171.7 8.01922
      vertex 202.556 171.7 8.16853
    endloop
  endfacet
  facet normal 0.594224 -0.396149 -0.699974
    outer loop
      vertex 202.588 171.112 8.44443
      vertex 202.513 171.487 8.16853
      vertex 202.768 171.382 8.44443
    endloop
  endfacet
  facet normal 0.700391 -0.138757 -0.700142
    outer loop
      vertex 202.768 171.382 8.44443
      vertex 202.513 171.487 8.16853
      vertex 202.831 171.7 8.44443
    endloop
  endfacet
  facet normal -0.770292 -0.514384 -0.376907
    outer loop
      vertex 44.3065 171.006 8.80491
      vertex 44.2318 171.382 8.44443
      vertex 44.4121 171.112 8.44443
    endloop
  endfacet
  facet normal -0.771003 -0.513841 -0.376194
    outer loop
      vertex 44.3065 171.006 8.80491
      vertex 44.0939 171.325 8.80491
      vertex 44.2318 171.382 8.44443
    endloop
  endfacet
  facet normal -0.908702 -0.180883 -0.376221
    outer loop
      vertex 44.2318 171.382 8.44443
      vertex 44.0939 171.325 8.80491
      vertex 44.1685 171.7 8.44443
    endloop
  endfacet
  facet normal -0.594054 -0.396696 -0.699809
    outer loop
      vertex 44.4121 171.112 8.44443
      vertex 44.2318 171.382 8.44443
      vertex 44.4867 171.487 8.16853
    endloop
  endfacet
  facet normal 0.215767 -0.32365 -0.921247
    outer loop
      vertex 202.213 171.187 8.16853
      vertex 202.075 171.52 8.01922
      vertex 202.393 171.307 8.16853
    endloop
  endfacet
  facet normal 0.0762895 -0.381447 -0.921237
    outer loop
      vertex 202.213 171.187 8.16853
      vertex 202 171.505 8.01922
      vertex 202.075 171.52 8.01922
    endloop
  endfacet
  facet normal 0.770456 -0.513637 -0.377591
    outer loop
      vertex 202.694 171.006 8.80491
      vertex 202.588 171.112 8.44443
      vertex 202.768 171.382 8.44443
    endloop
  endfacet
  facet normal 0.32365 -0.215767 -0.921247
    outer loop
      vertex 202.393 171.307 8.16853
      vertex 202.18 171.625 8.01922
      vertex 202.513 171.487 8.16853
    endloop
  endfacet
  facet normal -0.700328 -0.139405 -0.700076
    outer loop
      vertex 44.2318 171.382 8.44443
      vertex 44.1685 171.7 8.44443
      vertex 44.4867 171.487 8.16853
    endloop
  endfacet
  facet normal -0.700236 -0.139061 -0.700236
    outer loop
      vertex 44.4867 171.487 8.16853
      vertex 44.1685 171.7 8.44443
      vertex 44.4444 171.7 8.16853
    endloop
  endfacet
  facet normal -0.0765777 -0.381357 -0.921251
    outer loop
      vertex 45 171.505 8.01922
      vertex 44.7874 171.187 8.16853
      vertex 44.9253 171.52 8.01922
    endloop
  endfacet
  facet normal -0.077073 -0.381063 -0.921331
    outer loop
      vertex 45 171.144 8.16853
      vertex 44.7874 171.187 8.16853
      vertex 45 171.505 8.01922
    endloop
  endfacet
  facet normal 0.32365 -0.215767 -0.921247
    outer loop
      vertex 202.393 171.307 8.16853
      vertex 202.138 171.562 8.01922
      vertex 202.18 171.625 8.01922
    endloop
  endfacet
  facet normal 0.215767 -0.32365 -0.921247
    outer loop
      vertex 202.393 171.307 8.16853
      vertex 202.075 171.52 8.01922
      vertex 202.138 171.562 8.01922
    endloop
  endfacet
  facet normal 0.908802 -0.180046 -0.37638
    outer loop
      vertex 202.906 171.325 8.80491
      vertex 202.768 171.382 8.44443
      vertex 202.831 171.7 8.44443
    endloop
  endfacet
  facet normal 0.771582 -0.512775 -0.376461
    outer loop
      vertex 202.906 171.325 8.80491
      vertex 202.694 171.006 8.80491
      vertex 202.768 171.382 8.44443
    endloop
  endfacet
  facet normal -0.396235 -0.593692 -0.700377
    outer loop
      vertex 44.6818 170.932 8.44443
      vertex 44.4121 171.112 8.44443
      vertex 44.7874 171.187 8.16853
    endloop
  endfacet
  facet normal -0.138645 -0.700268 -0.700287
    outer loop
      vertex 45 170.869 8.44443
      vertex 44.6818 170.932 8.44443
      vertex 44.7874 171.187 8.16853
    endloop
  endfacet
  facet normal 0.594224 -0.396149 -0.699974
    outer loop
      vertex 202.588 171.112 8.44443
      vertex 202.393 171.307 8.16853
      vertex 202.513 171.487 8.16853
    endloop
  endfacet
  facet normal 0.396149 -0.594224 -0.699974
    outer loop
      vertex 202.588 171.112 8.44443
      vertex 202.213 171.187 8.16853
      vertex 202.393 171.307 8.16853
    endloop
  endfacet
  facet normal -0.524097 -0.851658 0
    outer loop
      vertex 198.306 194.106 10.9808
      vertex 198.319 194.098 76.2
      vertex 198.306 194.106 76.2
    endloop
  endfacet
  facet normal -0.524097 -0.851658 -0
    outer loop
      vertex 198.319 194.098 76.2
      vertex 198.306 194.106 10.9808
      vertex 198.319 194.098 10.9808
    endloop
  endfacet
  facet normal -0.979715 -0.200396 0
    outer loop
      vertex 198.028 194.756 10.8315
      vertex 198.019 194.8 76.2
      vertex 198.019 194.8 10.787
    endloop
  endfacet
  facet normal -0.980694 -0.195548 -3.39842e-06
    outer loop
      vertex 198.094 194.425 10.9685
      vertex 198.019 194.8 76.2
      vertex 198.028 194.756 10.8315
    endloop
  endfacet
  facet normal -0.980581 -0.196116 0
    outer loop
      vertex 198.019 194.8 76.2
      vertex 198.094 194.425 10.9685
      vertex 198.094 194.425 76.2
    endloop
  endfacet
  facet normal -0.83205 -0.5547 0
    outer loop
      vertex 198.114 194.395 10.9808
      vertex 198.094 194.425 76.2
      vertex 198.094 194.425 10.9685
    endloop
  endfacet
  facet normal -0.832936 -0.553369 -8.83829e-07
    outer loop
      vertex 198.306 194.106 10.9808
      vertex 198.094 194.425 76.2
      vertex 198.114 194.395 10.9808
    endloop
  endfacet
  facet normal -0.832853 -0.553495 0
    outer loop
      vertex 198.094 194.425 76.2
      vertex 198.306 194.106 10.9808
      vertex 198.306 194.106 76.2
    endloop
  endfacet
  facet normal -0 0.381902 0.924203
    outer loop
      vertex 53.3158 145.016 4.93078
      vertex 193.805 144.895 4.98078
      vertex 193.684 145.016 4.93078
    endloop
  endfacet
  facet normal 0 0.381902 0.924203
    outer loop
      vertex 193.805 144.895 4.98078
      vertex 53.3158 145.016 4.93078
      vertex 53.1951 144.895 4.98078
    endloop
  endfacet
  facet normal 0.980581 -0.196116 0
    outer loop
      vertex 212.206 192.825 76.2
      vertex 212.281 193.2 63.8951
      vertex 212.281 193.2 76.2
    endloop
  endfacet
  facet normal 0.980581 -0.196116 0
    outer loop
      vertex 212.281 193.2 63.8951
      vertex 212.206 192.825 76.2
      vertex 212.206 192.825 63.8951
    endloop
  endfacet
  facet normal 0.196116 -0.980581 0
    outer loop
      vertex 211.3 192.219 63.8951
      vertex 211.675 192.294 76.2
      vertex 211.3 192.219 76.2
    endloop
  endfacet
  facet normal 0.196116 -0.980581 0
    outer loop
      vertex 211.675 192.294 76.2
      vertex 211.3 192.219 63.8951
      vertex 211.675 192.294 63.8951
    endloop
  endfacet
  facet normal -1 0 0
    outer loop
      vertex 198.319 194.098 10.9808
      vertex 198.319 193.2 65.1951
      vertex 198.319 194.098 76.2
    endloop
  endfacet
  facet normal -1 0 0
    outer loop
      vertex 198.319 194.098 10.9808
      vertex 198.319 188.2 30.1951
      vertex 198.319 193.2 65.1951
    endloop
  endfacet
  facet normal -1 0 0
    outer loop
      vertex 198.319 175.181 10.9808
      vertex 198.319 188.2 30.1951
      vertex 198.319 194.098 10.9808
    endloop
  endfacet
  facet normal -1 -0 0
    outer loop
      vertex 198.319 188.2 30.1951
      vertex 198.319 175.181 10.9808
      vertex 198.319 180.2 30.1951
    endloop
  endfacet
  facet normal -1 0 0
    outer loop
      vertex 198.319 175.181 63.1951
      vertex 198.319 180.2 30.1951
      vertex 198.319 175.181 10.9808
    endloop
  endfacet
  facet normal -1 0 0
    outer loop
      vertex 198.319 180.2 30.1951
      vertex 198.319 175.181 63.1951
      vertex 198.319 180.2 65.1951
    endloop
  endfacet
  facet normal -1 0 0
    outer loop
      vertex 198.319 175.031 63.5556
      vertex 198.319 180.2 65.1951
      vertex 198.319 175.181 63.1951
    endloop
  endfacet
  facet normal -1 0 0
    outer loop
      vertex 198.319 174.902 65.1951
      vertex 198.319 175.031 63.5556
      vertex 198.319 174.902 63.685
    endloop
  endfacet
  facet normal -1 0 0
    outer loop
      vertex 198.319 175.031 63.5556
      vertex 198.319 174.902 65.1951
      vertex 198.319 180.2 65.1951
    endloop
  endfacet
  facet normal -1 -0 0
    outer loop
      vertex 198.319 194.098 76.2
      vertex 198.319 193.2 65.1951
      vertex 198.319 193.2 76.2
    endloop
  endfacet
  facet normal -1 -0 0
    outer loop
      vertex 198.319 193.2 65.1951
      vertex 198.319 188.2 30.1951
      vertex 198.319 188.2 65.1951
    endloop
  endfacet
  facet normal -0.980581 -0.196116 0
    outer loop
      vertex 198.394 192.825 65.3753
      vertex 198.319 193.2 76.2
      vertex 198.319 193.2 65.1951
    endloop
  endfacet
  facet normal -0.980581 -0.196116 0
    outer loop
      vertex 198.319 193.2 76.2
      vertex 198.394 192.825 65.3753
      vertex 198.394 192.825 76.2
    endloop
  endfacet
  facet normal 0.832853 -0.553495 0
    outer loop
      vertex 211.994 192.506 76.2
      vertex 212.206 192.825 63.8951
      vertex 212.206 192.825 76.2
    endloop
  endfacet
  facet normal 0.832853 -0.553495 0
    outer loop
      vertex 212.206 192.825 63.8951
      vertex 211.994 192.506 76.2
      vertex 211.994 192.506 63.8951
    endloop
  endfacet
  facet normal -0.196116 -0.980581 -2.40139e-16
    outer loop
      vertex 198.925 192.294 76.2
      vertex 199.105 192.258 65.9808
      vertex 199.3 192.219 76.2
    endloop
  endfacet
  facet normal -0.196116 -0.980581 0
    outer loop
      vertex 199.105 192.258 65.9808
      vertex 198.925 192.294 76.2
      vertex 198.925 192.294 65.9061
    endloop
  endfacet
  facet normal -0.196116 -0.980581 -0
    outer loop
      vertex 199.3 192.219 76.2
      vertex 199.105 192.258 65.9808
      vertex 199.3 192.219 65.9808
    endloop
  endfacet
  facet normal 0.553495 -0.832853 0
    outer loop
      vertex 211.675 192.294 63.8951
      vertex 211.994 192.506 76.2
      vertex 211.675 192.294 76.2
    endloop
  endfacet
  facet normal 0.553495 -0.832853 0
    outer loop
      vertex 211.994 192.506 76.2
      vertex 211.675 192.294 63.8951
      vertex 211.994 192.506 63.8951
    endloop
  endfacet
  facet normal -0.553495 -0.832853 0
    outer loop
      vertex 198.606 192.506 76.2
      vertex 198.925 192.294 65.9061
      vertex 198.925 192.294 76.2
    endloop
  endfacet
  facet normal -0.552585 -0.833457 4.0635e-05
    outer loop
      vertex 198.606 192.506 76.2
      vertex 198.744 192.414 65.8315
      vertex 198.925 192.294 65.9061
    endloop
  endfacet
  facet normal -0.5547 -0.83205 0
    outer loop
      vertex 198.744 192.414 65.8315
      vertex 198.606 192.506 76.2
      vertex 198.606 192.506 65.6935
    endloop
  endfacet
  facet normal -0.830907 -0.556411 0
    outer loop
      vertex 198.469 192.713 65.5556
      vertex 198.394 192.825 76.2
      vertex 198.394 192.825 65.3753
    endloop
  endfacet
  facet normal -0.833884 -0.55194 -6.80235e-05
    outer loop
      vertex 198.606 192.506 65.6935
      vertex 198.394 192.825 76.2
      vertex 198.469 192.713 65.5556
    endloop
  endfacet
  facet normal -0.832853 -0.553495 0
    outer loop
      vertex 198.394 192.825 76.2
      vertex 198.606 192.506 65.6935
      vertex 198.606 192.506 76.2
    endloop
  endfacet
  facet normal 0 -0.923266 0.384161
    outer loop
      vertex 199.3 187.219 65.1951
      vertex 202 187.369 65.5556
      vertex 199.3 187.369 65.5556
    endloop
  endfacet
  facet normal 0 -0.923266 0.384161
    outer loop
      vertex 202 187.369 65.5556
      vertex 199.3 187.219 65.1951
      vertex 202 187.219 65.1951
    endloop
  endfacet
  facet normal 0.70113 -0.141543 0.698843
    outer loop
      vertex 202.556 188.2 65.8315
      vertex 202.513 187.987 65.8315
      vertex 202.831 188.2 65.5556
    endloop
  endfacet
  facet normal 0.830907 -0.556411 0
    outer loop
      vertex 202.906 187.825 65.1951
      vertex 202.831 187.713 30.5556
      vertex 202.906 187.825 30.3753
    endloop
  endfacet
  facet normal 0.832853 -0.553495 0
    outer loop
      vertex 202.694 187.506 30.6935
      vertex 202.906 187.825 65.1951
      vertex 202.694 187.506 65.1951
    endloop
  endfacet
  facet normal 0.833898 -0.551918 -2.10046e-05
    outer loop
      vertex 202.906 187.825 65.1951
      vertex 202.694 187.506 30.6935
      vertex 202.831 187.713 30.5556
    endloop
  endfacet
  facet normal 0.0762851 -0.381426 0.921246
    outer loop
      vertex 202.075 188.02 65.9808
      vertex 202 188.005 65.9808
      vertex 202.213 187.687 65.8315
    endloop
  endfacet
  facet normal 0.0769248 -0.381046 0.92135
    outer loop
      vertex 202 188.005 65.9808
      vertex 202 187.644 65.8315
      vertex 202.213 187.687 65.8315
    endloop
  endfacet
  facet normal 0.980581 -0.196116 0
    outer loop
      vertex 202.906 187.825 30.3753
      vertex 202.981 188.2 65.1951
      vertex 202.906 187.825 65.1951
    endloop
  endfacet
  facet normal 0.980581 -0.196116 0
    outer loop
      vertex 202.981 188.2 65.1951
      vertex 202.906 187.825 30.3753
      vertex 202.981 188.2 30.1951
    endloop
  endfacet
  facet normal -0.553495 -0.832853 0
    outer loop
      vertex 198.606 187.506 65.1951
      vertex 198.925 187.294 30.9061
      vertex 198.925 187.294 65.1951
    endloop
  endfacet
  facet normal -0.552577 -0.833462 1.23077e-05
    outer loop
      vertex 198.606 187.506 65.1951
      vertex 198.744 187.414 30.8315
      vertex 198.925 187.294 30.9061
    endloop
  endfacet
  facet normal -0.5547 -0.83205 0
    outer loop
      vertex 198.744 187.414 30.8315
      vertex 198.606 187.506 65.1951
      vertex 198.606 187.506 30.6935
    endloop
  endfacet
  facet normal -0.0769248 -0.381046 0.92135
    outer loop
      vertex 199.3 188.005 65.9808
      vertex 199.087 187.687 65.8315
      vertex 199.3 187.644 65.8315
    endloop
  endfacet
  facet normal -0.709418 0 0.704788
    outer loop
      vertex 198.469 188.2 65.5556
      vertex 198.606 192.506 65.6935
      vertex 198.469 192.713 65.5556
    endloop
  endfacet
  facet normal -0.707155 -0.000144713 0.707059
    outer loop
      vertex 198.469 188.2 65.5556
      vertex 198.744 192.414 65.8315
      vertex 198.606 192.506 65.6935
    endloop
  endfacet
  facet normal -0.708261 0 0.705951
    outer loop
      vertex 198.744 192.414 65.8315
      vertex 198.469 188.2 65.5556
      vertex 198.744 188.2 65.8315
    endloop
  endfacet
  facet normal -0.215755 -0.323632 0.921256
    outer loop
      vertex 199.162 188.062 65.9808
      vertex 198.907 187.807 65.8315
      vertex 199.225 188.02 65.9808
    endloop
  endfacet
  facet normal 0.381046 -0.0769248 0.92135
    outer loop
      vertex 202.556 188.2 65.8315
      vertex 202.195 188.2 65.9808
      vertex 202.513 187.987 65.8315
    endloop
  endfacet
  facet normal 0.594224 -0.396149 0.699974
    outer loop
      vertex 202.513 187.987 65.8315
      vertex 202.393 187.807 65.8315
      vertex 202.588 187.612 65.5556
    endloop
  endfacet
  facet normal -0.180047 -0.90881 0.376362
    outer loop
      vertex 198.982 187.432 65.5556
      vertex 198.925 187.294 65.1951
      vertex 199.3 187.369 65.5556
    endloop
  endfacet
  facet normal -0.181583 -0.907917 0.377774
    outer loop
      vertex 199.3 187.369 65.5556
      vertex 198.925 187.294 65.1951
      vertex 199.3 187.219 65.1951
    endloop
  endfacet
  facet normal -0.70113 -0.141543 0.698843
    outer loop
      vertex 198.744 188.2 65.8315
      vertex 198.469 188.2 65.5556
      vertex 198.787 187.987 65.8315
    endloop
  endfacet
  facet normal -0.980581 -0.196116 0
    outer loop
      vertex 198.394 187.825 30.3753
      vertex 198.319 188.2 65.1951
      vertex 198.319 188.2 30.1951
    endloop
  endfacet
  facet normal -0.980581 -0.196116 0
    outer loop
      vertex 198.319 188.2 65.1951
      vertex 198.394 187.825 30.3753
      vertex 198.394 187.825 65.1951
    endloop
  endfacet
  facet normal -0.830907 -0.556411 0
    outer loop
      vertex 198.469 187.713 30.5556
      vertex 198.394 187.825 65.1951
      vertex 198.394 187.825 30.3753
    endloop
  endfacet
  facet normal -0.833898 -0.551918 -2.10046e-05
    outer loop
      vertex 198.606 187.506 30.6935
      vertex 198.394 187.825 65.1951
      vertex 198.469 187.713 30.5556
    endloop
  endfacet
  facet normal -0.832853 -0.553495 0
    outer loop
      vertex 198.394 187.825 65.1951
      vertex 198.606 187.506 30.6935
      vertex 198.606 187.506 65.1951
    endloop
  endfacet
  facet normal 0.381426 -0.0762851 0.921246
    outer loop
      vertex 202.195 188.2 65.9808
      vertex 202.18 188.125 65.9808
      vertex 202.513 187.987 65.8315
    endloop
  endfacet
  facet normal 0.323632 -0.215755 0.921256
    outer loop
      vertex 202.513 187.987 65.8315
      vertex 202.18 188.125 65.9808
      vertex 202.393 187.807 65.8315
    endloop
  endfacet
  facet normal 0 -0.382178 0.924089
    outer loop
      vertex 199.3 188.005 65.9808
      vertex 202 187.644 65.8315
      vertex 202 188.005 65.9808
    endloop
  endfacet
  facet normal 0 -0.382178 0.924089
    outer loop
      vertex 202 187.644 65.8315
      vertex 199.3 188.005 65.9808
      vertex 199.3 187.644 65.8315
    endloop
  endfacet
  facet normal 0.196116 -0.980581 0
    outer loop
      vertex 202 187.219 30.9808
      vertex 202.375 187.294 65.1951
      vertex 202 187.219 65.1951
    endloop
  endfacet
  facet normal 0.196116 -0.980581 -4.51151e-16
    outer loop
      vertex 202.195 187.258 30.9808
      vertex 202.375 187.294 65.1951
      vertex 202 187.219 30.9808
    endloop
  endfacet
  facet normal 0.196116 -0.980581 0
    outer loop
      vertex 202.375 187.294 65.1951
      vertex 202.195 187.258 30.9808
      vertex 202.375 187.294 30.9061
    endloop
  endfacet
  facet normal 0.90881 -0.180047 0.376362
    outer loop
      vertex 202.831 188.2 65.5556
      vertex 202.768 187.882 65.5556
      vertex 202.906 187.825 65.1951
    endloop
  endfacet
  facet normal 0.553495 -0.832853 0
    outer loop
      vertex 202.375 187.294 30.9061
      vertex 202.694 187.506 65.1951
      vertex 202.375 187.294 65.1951
    endloop
  endfacet
  facet normal 0.552577 -0.833462 1.23077e-05
    outer loop
      vertex 202.556 187.414 30.8315
      vertex 202.694 187.506 65.1951
      vertex 202.375 187.294 30.9061
    endloop
  endfacet
  facet normal 0.5547 -0.83205 0
    outer loop
      vertex 202.694 187.506 65.1951
      vertex 202.556 187.414 30.8315
      vertex 202.694 187.506 30.6935
    endloop
  endfacet
  facet normal 0 -0.708261 0.705951
    outer loop
      vertex 199.3 187.369 65.5556
      vertex 202 187.644 65.8315
      vertex 199.3 187.644 65.8315
    endloop
  endfacet
  facet normal 0 -0.708261 0.705951
    outer loop
      vertex 202 187.644 65.8315
      vertex 199.3 187.369 65.5556
      vertex 202 187.369 65.5556
    endloop
  endfacet
  facet normal 0.141543 -0.70113 0.698843
    outer loop
      vertex 202 187.644 65.8315
      vertex 202 187.369 65.5556
      vertex 202.213 187.687 65.8315
    endloop
  endfacet
  facet normal 0 -1 0
    outer loop
      vertex 199.3 187.219 30.9808
      vertex 202 187.219 65.1951
      vertex 199.3 187.219 65.1951
    endloop
  endfacet
  facet normal 0 -1 -0
    outer loop
      vertex 202 187.219 65.1951
      vertex 199.3 187.219 30.9808
      vertex 202 187.219 30.9808
    endloop
  endfacet
  facet normal -0.215755 -0.323632 0.921256
    outer loop
      vertex 199.225 188.02 65.9808
      vertex 198.907 187.807 65.8315
      vertex 199.087 187.687 65.8315
    endloop
  endfacet
  facet normal -0.51278 -0.771588 0.376443
    outer loop
      vertex 198.982 187.432 65.5556
      vertex 198.606 187.506 65.1951
      vertex 198.925 187.294 65.1951
    endloop
  endfacet
  facet normal -0.381046 -0.0769248 0.92135
    outer loop
      vertex 199.105 188.2 65.9808
      vertex 198.744 188.2 65.8315
      vertex 198.787 187.987 65.8315
    endloop
  endfacet
  facet normal -0 0 1
    outer loop
      vertex 199.3 192.219 65.9808
      vertex 202.195 188.2 65.9808
      vertex 202.195 192.219 65.9808
    endloop
  endfacet
  facet normal 0 0 1
    outer loop
      vertex 199.105 188.2 65.9808
      vertex 202.195 188.2 65.9808
      vertex 199.3 192.219 65.9808
    endloop
  endfacet
  facet normal 0 0 1
    outer loop
      vertex 202.18 188.125 65.9808
      vertex 202 188.005 65.9808
      vertex 202.138 188.062 65.9808
    endloop
  endfacet
  facet normal 0 0 1
    outer loop
      vertex 202.138 188.062 65.9808
      vertex 202 188.005 65.9808
      vertex 202.075 188.02 65.9808
    endloop
  endfacet
  facet normal 0 0 1
    outer loop
      vertex 202.195 188.2 65.9808
      vertex 202 188.005 65.9808
      vertex 202.18 188.125 65.9808
    endloop
  endfacet
  facet normal 0 0 1
    outer loop
      vertex 202.195 188.2 65.9808
      vertex 199.105 188.2 65.9808
      vertex 202 188.005 65.9808
    endloop
  endfacet
  facet normal 0 0 1
    outer loop
      vertex 202 188.005 65.9808
      vertex 199.105 188.2 65.9808
      vertex 199.3 188.005 65.9808
    endloop
  endfacet
  facet normal 0 0 1
    outer loop
      vertex 199.3 188.005 65.9808
      vertex 199.105 188.2 65.9808
      vertex 199.225 188.02 65.9808
    endloop
  endfacet
  facet normal 0 0 1
    outer loop
      vertex 199.225 188.02 65.9808
      vertex 199.105 188.2 65.9808
      vertex 199.162 188.062 65.9808
    endloop
  endfacet
  facet normal 0 0 1
    outer loop
      vertex 199.105 188.2 65.9808
      vertex 199.3 192.219 65.9808
      vertex 199.105 192.258 65.9808
    endloop
  endfacet
  facet normal 0 0 1
    outer loop
      vertex 199.162 188.062 65.9808
      vertex 199.105 188.2 65.9808
      vertex 199.12 188.125 65.9808
    endloop
  endfacet
  facet normal -0.923228 0 0.384252
    outer loop
      vertex 198.319 188.2 65.1951
      vertex 198.394 192.825 65.3753
      vertex 198.319 193.2 65.1951
    endloop
  endfacet
  facet normal -0.923302 8.10796e-06 0.384074
    outer loop
      vertex 198.319 188.2 65.1951
      vertex 198.469 192.713 65.5556
      vertex 198.394 192.825 65.3753
    endloop
  endfacet
  facet normal -0.923266 0 0.384161
    outer loop
      vertex 198.469 192.713 65.5556
      vertex 198.319 188.2 65.1951
      vertex 198.469 188.2 65.5556
    endloop
  endfacet
  facet normal 0.700391 -0.138757 0.700142
    outer loop
      vertex 202.831 188.2 65.5556
      vertex 202.513 187.987 65.8315
      vertex 202.768 187.882 65.5556
    endloop
  endfacet
  facet normal 0.907917 -0.181583 0.377774
    outer loop
      vertex 202.981 188.2 65.1951
      vertex 202.831 188.2 65.5556
      vertex 202.906 187.825 65.1951
    endloop
  endfacet
  facet normal 0.771588 -0.51278 0.376443
    outer loop
      vertex 202.768 187.882 65.5556
      vertex 202.694 187.506 65.1951
      vertex 202.906 187.825 65.1951
    endloop
  endfacet
  facet normal 0.215755 -0.323632 0.921256
    outer loop
      vertex 202.138 188.062 65.9808
      vertex 202.075 188.02 65.9808
      vertex 202.393 187.807 65.8315
    endloop
  endfacet
  facet normal -0.396149 -0.594224 0.699974
    outer loop
      vertex 199.087 187.687 65.8315
      vertex 198.712 187.612 65.5556
      vertex 198.982 187.432 65.5556
    endloop
  endfacet
  facet normal -0.196116 -0.980581 -7.17252e-17
    outer loop
      vertex 198.925 187.294 65.1951
      vertex 199.105 187.258 30.9808
      vertex 199.3 187.219 65.1951
    endloop
  endfacet
  facet normal -0.196116 -0.980581 0
    outer loop
      vertex 199.105 187.258 30.9808
      vertex 198.925 187.294 65.1951
      vertex 198.925 187.294 30.9061
    endloop
  endfacet
  facet normal -0.196116 -0.980581 -0
    outer loop
      vertex 199.3 187.219 65.1951
      vertex 199.105 187.258 30.9808
      vertex 199.3 187.219 30.9808
    endloop
  endfacet
  facet normal -0.138757 -0.700391 0.700142
    outer loop
      vertex 199.087 187.687 65.8315
      vertex 198.982 187.432 65.5556
      vertex 199.3 187.369 65.5556
    endloop
  endfacet
  facet normal -0.141543 -0.70113 0.698843
    outer loop
      vertex 199.3 187.644 65.8315
      vertex 199.087 187.687 65.8315
      vertex 199.3 187.369 65.5556
    endloop
  endfacet
  facet normal -0.700391 -0.138757 0.700142
    outer loop
      vertex 198.787 187.987 65.8315
      vertex 198.469 188.2 65.5556
      vertex 198.532 187.882 65.5556
    endloop
  endfacet
  facet normal -0.90881 -0.180047 0.376362
    outer loop
      vertex 198.469 188.2 65.5556
      vertex 198.394 187.825 65.1951
      vertex 198.532 187.882 65.5556
    endloop
  endfacet
  facet normal -0.907917 -0.181583 0.377774
    outer loop
      vertex 198.469 188.2 65.5556
      vertex 198.319 188.2 65.1951
      vertex 198.394 187.825 65.1951
    endloop
  endfacet
  facet normal 0.923266 -0 0.384161
    outer loop
      vertex 202.831 188.2 65.5556
      vertex 202.981 192.219 65.1951
      vertex 202.831 192.219 65.5556
    endloop
  endfacet
  facet normal 0.923266 0 0.384161
    outer loop
      vertex 202.981 192.219 65.1951
      vertex 202.831 188.2 65.5556
      vertex 202.981 188.2 65.1951
    endloop
  endfacet
  facet normal 0.382178 0 0.924089
    outer loop
      vertex 202.195 192.219 65.9808
      vertex 202.556 188.2 65.8315
      vertex 202.556 192.219 65.8315
    endloop
  endfacet
  facet normal 0.382178 0 0.924089
    outer loop
      vertex 202.556 188.2 65.8315
      vertex 202.195 192.219 65.9808
      vertex 202.195 188.2 65.9808
    endloop
  endfacet
  facet normal 0.215755 -0.323632 0.921256
    outer loop
      vertex 202.393 187.807 65.8315
      vertex 202.075 188.02 65.9808
      vertex 202.213 187.687 65.8315
    endloop
  endfacet
  facet normal 0.396149 -0.594224 0.699974
    outer loop
      vertex 202.393 187.807 65.8315
      vertex 202.213 187.687 65.8315
      vertex 202.588 187.612 65.5556
    endloop
  endfacet
  facet normal -0.383284 0.000115169 0.923631
    outer loop
      vertex 198.744 188.2 65.8315
      vertex 199.105 192.258 65.9808
      vertex 198.925 192.294 65.9061
    endloop
  endfacet
  facet normal -0.381058 0 0.924551
    outer loop
      vertex 198.744 188.2 65.8315
      vertex 198.925 192.294 65.9061
      vertex 198.744 192.414 65.8315
    endloop
  endfacet
  facet normal -0.382178 0 0.924089
    outer loop
      vertex 199.105 192.258 65.9808
      vertex 198.744 188.2 65.8315
      vertex 199.105 188.2 65.9808
    endloop
  endfacet
  facet normal 0.138757 -0.700391 0.700142
    outer loop
      vertex 202.213 187.687 65.8315
      vertex 202 187.369 65.5556
      vertex 202.318 187.432 65.5556
    endloop
  endfacet
  facet normal 0.181583 -0.907917 0.377774
    outer loop
      vertex 202 187.369 65.5556
      vertex 202 187.219 65.1951
      vertex 202.375 187.294 65.1951
    endloop
  endfacet
  facet normal -0.323632 -0.215755 0.921256
    outer loop
      vertex 199.12 188.125 65.9808
      vertex 198.787 187.987 65.8315
      vertex 198.907 187.807 65.8315
    endloop
  endfacet
  facet normal -0.0762851 -0.381426 0.921246
    outer loop
      vertex 199.225 188.02 65.9808
      vertex 199.087 187.687 65.8315
      vertex 199.3 188.005 65.9808
    endloop
  endfacet
  facet normal -0.771588 -0.51278 0.376443
    outer loop
      vertex 198.532 187.882 65.5556
      vertex 198.394 187.825 65.1951
      vertex 198.606 187.506 65.1951
    endloop
  endfacet
  facet normal -0.594224 -0.396149 0.699974
    outer loop
      vertex 198.787 187.987 65.8315
      vertex 198.532 187.882 65.5556
      vertex 198.712 187.612 65.5556
    endloop
  endfacet
  facet normal -0.323632 -0.215755 0.921256
    outer loop
      vertex 199.12 188.125 65.9808
      vertex 198.907 187.807 65.8315
      vertex 199.162 188.062 65.9808
    endloop
  endfacet
  facet normal -0.381426 -0.0762851 0.921246
    outer loop
      vertex 199.105 188.2 65.9808
      vertex 198.787 187.987 65.8315
      vertex 199.12 188.125 65.9808
    endloop
  endfacet
  facet normal 0.770462 -0.513641 0.377573
    outer loop
      vertex 202.768 187.882 65.5556
      vertex 202.588 187.612 65.5556
      vertex 202.694 187.506 65.1951
    endloop
  endfacet
  facet normal 0.594224 -0.396149 0.699974
    outer loop
      vertex 202.768 187.882 65.5556
      vertex 202.513 187.987 65.8315
      vertex 202.588 187.612 65.5556
    endloop
  endfacet
  facet normal 0.323632 -0.215755 0.921256
    outer loop
      vertex 202.18 188.125 65.9808
      vertex 202.138 188.062 65.9808
      vertex 202.393 187.807 65.8315
    endloop
  endfacet
  facet normal 0.180047 -0.90881 0.376362
    outer loop
      vertex 202.318 187.432 65.5556
      vertex 202 187.369 65.5556
      vertex 202.375 187.294 65.1951
    endloop
  endfacet
  facet normal 0.51278 -0.771588 0.376443
    outer loop
      vertex 202.694 187.506 65.1951
      vertex 202.318 187.432 65.5556
      vertex 202.375 187.294 65.1951
    endloop
  endfacet
  facet normal -0.770462 -0.513641 0.377573
    outer loop
      vertex 198.712 187.612 65.5556
      vertex 198.532 187.882 65.5556
      vertex 198.606 187.506 65.1951
    endloop
  endfacet
  facet normal -0.513641 -0.770462 0.377573
    outer loop
      vertex 198.712 187.612 65.5556
      vertex 198.606 187.506 65.1951
      vertex 198.982 187.432 65.5556
    endloop
  endfacet
  facet normal 0.396149 -0.594224 0.699974
    outer loop
      vertex 202.588 187.612 65.5556
      vertex 202.213 187.687 65.8315
      vertex 202.318 187.432 65.5556
    endloop
  endfacet
  facet normal 0.513641 -0.770462 0.377573
    outer loop
      vertex 202.588 187.612 65.5556
      vertex 202.318 187.432 65.5556
      vertex 202.694 187.506 65.1951
    endloop
  endfacet
  facet normal -0.594224 -0.396149 0.699974
    outer loop
      vertex 198.787 187.987 65.8315
      vertex 198.712 187.612 65.5556
      vertex 198.907 187.807 65.8315
    endloop
  endfacet
  facet normal -0.396149 -0.594224 0.699974
    outer loop
      vertex 198.907 187.807 65.8315
      vertex 198.712 187.612 65.5556
      vertex 199.087 187.687 65.8315
    endloop
  endfacet
  facet normal 0.708261 -0 0.705951
    outer loop
      vertex 202.556 188.2 65.8315
      vertex 202.831 192.219 65.5556
      vertex 202.556 192.219 65.8315
    endloop
  endfacet
  facet normal 0.708261 0 0.705951
    outer loop
      vertex 202.831 192.219 65.5556
      vertex 202.556 188.2 65.8315
      vertex 202.831 188.2 65.5556
    endloop
  endfacet
  facet normal 0 1 -0
    outer loop
      vertex 224.1 199.681 0
      vertex 4.5 199.681 2.01922
      vertex 224.1 199.681 2.01922
    endloop
  endfacet
  facet normal 0 1 0
    outer loop
      vertex 4.5 199.681 2.01922
      vertex 224.1 199.681 0
      vertex 4.5 199.681 0
    endloop
  endfacet
  facet normal -0.19595 0.980614 0
    outer loop
      vertex 4.5 199.681 0
      vertex 4.12467 199.606 2.01922
      vertex 4.5 199.681 2.01922
    endloop
  endfacet
  facet normal -0.19595 0.980614 0
    outer loop
      vertex 4.12467 199.606 2.01922
      vertex 4.5 199.681 0
      vertex 4.12467 199.606 0
    endloop
  endfacet
  facet normal 0.832203 -0.554471 0
    outer loop
      vertex 224.794 3.80648 2.01922
      vertex 225.006 4.12467 0
      vertex 225.006 4.12467 2.01922
    endloop
  endfacet
  facet normal 0.832203 -0.554471 0
    outer loop
      vertex 225.006 4.12467 0
      vertex 224.794 3.80648 2.01922
      vertex 224.794 3.80648 0
    endloop
  endfacet
  facet normal 0.980581 0.196116 0
    outer loop
      vertex 225.081 198.7 2.01922
      vertex 225.006 199.075 0
      vertex 225.006 199.075 2.01922
    endloop
  endfacet
  facet normal 0.980581 0.196116 0
    outer loop
      vertex 225.006 199.075 0
      vertex 225.081 198.7 2.01922
      vertex 225.081 198.7 0
    endloop
  endfacet
  facet normal -0.555574 -0.831467 0
    outer loop
      vertex 3.80648 3.80648 0
      vertex 4.12467 3.59387 2.01922
      vertex 3.80648 3.80648 2.01922
    endloop
  endfacet
  facet normal -0.555574 -0.831467 -0
    outer loop
      vertex 4.12467 3.59387 2.01922
      vertex 3.80648 3.80648 0
      vertex 4.12467 3.59387 0
    endloop
  endfacet
  facet normal -0.980789 -0.195071 0
    outer loop
      vertex 3.59387 4.12467 0
      vertex 3.51922 4.5 2.01922
      vertex 3.51922 4.5 0
    endloop
  endfacet
  facet normal -0.980789 -0.195071 0
    outer loop
      vertex 3.51922 4.5 2.01922
      vertex 3.59387 4.12467 0
      vertex 3.59387 4.12467 2.01922
    endloop
  endfacet
  facet normal 0.196116 0.980581 -0
    outer loop
      vertex 224.475 199.606 0
      vertex 224.1 199.681 2.01922
      vertex 224.475 199.606 2.01922
    endloop
  endfacet
  facet normal 0.196116 0.980581 0
    outer loop
      vertex 224.1 199.681 2.01922
      vertex 224.475 199.606 0
      vertex 224.1 199.681 0
    endloop
  endfacet
  facet normal 1 -0 0
    outer loop
      vertex 225.081 4.5 2.01922
      vertex 225.081 198.7 0
      vertex 225.081 198.7 2.01922
    endloop
  endfacet
  facet normal 1 0 0
    outer loop
      vertex 225.081 198.7 0
      vertex 225.081 4.5 2.01922
      vertex 225.081 4.5 0
    endloop
  endfacet
  facet normal -0.832119 0.554598 0
    outer loop
      vertex 3.59387 199.075 0
      vertex 3.80648 199.394 2.01922
      vertex 3.80648 199.394 0
    endloop
  endfacet
  facet normal -0.832119 0.554598 0
    outer loop
      vertex 3.80648 199.394 2.01922
      vertex 3.59387 199.075 0
      vertex 3.59387 199.075 2.01922
    endloop
  endfacet
  facet normal -0.554471 0.832203 0
    outer loop
      vertex 4.12467 199.606 0
      vertex 3.80648 199.394 2.01922
      vertex 4.12467 199.606 2.01922
    endloop
  endfacet
  facet normal -0.554471 0.832203 0
    outer loop
      vertex 3.80648 199.394 2.01922
      vertex 4.12467 199.606 0
      vertex 3.80648 199.394 0
    endloop
  endfacet
  facet normal -0.195071 -0.980789 0
    outer loop
      vertex 4.12467 3.59387 0
      vertex 4.5 3.51922 2.01922
      vertex 4.12467 3.59387 2.01922
    endloop
  endfacet
  facet normal -0.195071 -0.980789 -0
    outer loop
      vertex 4.5 3.51922 2.01922
      vertex 4.12467 3.59387 0
      vertex 4.5 3.51922 0
    endloop
  endfacet
  facet normal 0 -1 0
    outer loop
      vertex 4.5 3.51922 0
      vertex 224.1 3.51922 2.01922
      vertex 4.5 3.51922 2.01922
    endloop
  endfacet
  facet normal 0 -1 -0
    outer loop
      vertex 224.1 3.51922 2.01922
      vertex 4.5 3.51922 0
      vertex 224.1 3.51922 0
    endloop
  endfacet
  facet normal -1 0 0
    outer loop
      vertex 3.51922 4.5 0
      vertex 3.51922 198.7 2.01922
      vertex 3.51922 198.7 0
    endloop
  endfacet
  facet normal -1 -0 0
    outer loop
      vertex 3.51922 198.7 2.01922
      vertex 3.51922 4.5 0
      vertex 3.51922 4.5 2.01922
    endloop
  endfacet
  facet normal -0.980756 0.195236 0
    outer loop
      vertex 3.51922 198.7 0
      vertex 3.59387 199.075 2.01922
      vertex 3.59387 199.075 0
    endloop
  endfacet
  facet normal -0.980756 0.195236 0
    outer loop
      vertex 3.59387 199.075 2.01922
      vertex 3.51922 198.7 0
      vertex 3.51922 198.7 2.01922
    endloop
  endfacet
  facet normal 0.553495 0.832853 -0
    outer loop
      vertex 224.794 199.394 0
      vertex 224.475 199.606 2.01922
      vertex 224.794 199.394 2.01922
    endloop
  endfacet
  facet normal 0.553495 0.832853 0
    outer loop
      vertex 224.475 199.606 2.01922
      vertex 224.794 199.394 0
      vertex 224.475 199.606 0
    endloop
  endfacet
  facet normal 0.832853 0.553495 0
    outer loop
      vertex 225.006 199.075 2.01922
      vertex 224.794 199.394 0
      vertex 224.794 199.394 2.01922
    endloop
  endfacet
  facet normal 0.832853 0.553495 0
    outer loop
      vertex 224.794 199.394 0
      vertex 225.006 199.075 2.01922
      vertex 225.006 199.075 0
    endloop
  endfacet
  facet normal -0.831467 -0.555574 0
    outer loop
      vertex 3.80648 3.80648 0
      vertex 3.59387 4.12467 2.01922
      vertex 3.59387 4.12467 0
    endloop
  endfacet
  facet normal -0.831467 -0.555574 0
    outer loop
      vertex 3.59387 4.12467 2.01922
      vertex 3.80648 3.80648 0
      vertex 3.80648 3.80648 2.01922
    endloop
  endfacet
  facet normal 0.980614 -0.19595 0
    outer loop
      vertex 225.006 4.12467 2.01922
      vertex 225.081 4.5 0
      vertex 225.081 4.5 2.01922
    endloop
  endfacet
  facet normal 0.980614 -0.19595 0
    outer loop
      vertex 225.081 4.5 0
      vertex 225.006 4.12467 2.01922
      vertex 225.006 4.12467 0
    endloop
  endfacet
  facet normal 0.554598 -0.832119 0
    outer loop
      vertex 224.475 3.59387 0
      vertex 224.794 3.80648 2.01922
      vertex 224.475 3.59387 2.01922
    endloop
  endfacet
  facet normal 0.554598 -0.832119 0
    outer loop
      vertex 224.794 3.80648 2.01922
      vertex 224.475 3.59387 0
      vertex 224.794 3.80648 0
    endloop
  endfacet
  facet normal 0.195236 -0.980756 0
    outer loop
      vertex 224.1 3.51922 0
      vertex 224.475 3.59387 2.01922
      vertex 224.1 3.51922 2.01922
    endloop
  endfacet
  facet normal 0.195236 -0.980756 0
    outer loop
      vertex 224.475 3.59387 2.01922
      vertex 224.1 3.51922 0
      vertex 224.475 3.59387 0
    endloop
  endfacet
  facet normal -0 0 1
    outer loop
      vertex 45.2658 175.719 4.93078
      vertex 201.734 172.631 4.93078
      vertex 201.734 175.719 4.93078
    endloop
  endfacet
  facet normal 0 0 1
    outer loop
      vertex 201.734 172.631 4.93078
      vertex 45.2658 175.719 4.93078
      vertex 45.2658 172.631 4.93078
    endloop
  endfacet
  facet normal 0.196019 0.9806 0
    outer loop
      vertex 47.8951 180.142 51.5192
      vertex 47.8951 180.142 18.4808
      vertex 47.7 180.181 51.5192
    endloop
  endfacet
  facet normal 0.195907 0.980623 0
    outer loop
      vertex 48.0753 180.106 51.5939
      vertex 47.8951 180.142 18.4808
      vertex 47.8951 180.142 51.5192
    endloop
  endfacet
  facet normal 0.195907 0.980623 0
    outer loop
      vertex 47.8951 180.142 18.4808
      vertex 48.0753 180.106 51.5939
      vertex 48.0753 180.106 18.4061
    endloop
  endfacet
  facet normal 0.196019 0.9806 0
    outer loop
      vertex 47.7 180.181 51.5192
      vertex 47.8951 180.142 18.4808
      vertex 47.7 180.181 18.4808
    endloop
  endfacet
  facet normal -0.83205 0.5547 0
    outer loop
      vertex 44.1685 179.687 18.0556
      vertex 44.3065 179.894 51.8065
      vertex 44.3065 179.894 18.1935
    endloop
  endfacet
  facet normal -0.83205 0.5547 0
    outer loop
      vertex 44.1685 179.687 18.0556
      vertex 44.1685 179.687 51.9444
      vertex 44.3065 179.894 51.8065
    endloop
  endfacet
  facet normal -0.832279 0.554357 0
    outer loop
      vertex 44.0939 179.575 17.8753
      vertex 44.1685 179.687 51.9444
      vertex 44.1685 179.687 18.0556
    endloop
  endfacet
  facet normal -0.832279 0.554357 0
    outer loop
      vertex 44.1685 179.687 51.9444
      vertex 44.0939 179.575 17.8753
      vertex 44.0939 179.575 52.1247
    endloop
  endfacet
  facet normal 0.554061 0.832476 0
    outer loop
      vertex 48.2556 179.986 51.6685
      vertex 48.0753 180.106 18.4061
      vertex 48.0753 180.106 51.5939
    endloop
  endfacet
  facet normal 0.554979 0.831865 -0
    outer loop
      vertex 48.2556 179.986 18.3315
      vertex 48.2556 179.986 51.6685
      vertex 48.3935 179.894 51.8065
    endloop
  endfacet
  facet normal 0.554061 0.832476 0
    outer loop
      vertex 48.2556 179.986 51.6685
      vertex 48.2556 179.986 18.3315
      vertex 48.0753 180.106 18.4061
    endloop
  endfacet
  facet normal 0.554979 0.831865 0
    outer loop
      vertex 48.2556 179.986 18.3315
      vertex 48.3935 179.894 51.8065
      vertex 48.3935 179.894 18.1935
    endloop
  endfacet
  facet normal 0 1 -0
    outer loop
      vertex 47.7 180.181 18.4808
      vertex 45 180.181 51.5192
      vertex 47.7 180.181 51.5192
    endloop
  endfacet
  facet normal 0 1 0
    outer loop
      vertex 45 180.181 51.5192
      vertex 47.7 180.181 18.4808
      vertex 45 180.181 18.4808
    endloop
  endfacet
  facet normal 0.980731 0.195362 0
    outer loop
      vertex 48.6808 179.2 52.3049
      vertex 48.6061 179.575 17.8753
      vertex 48.6061 179.575 52.1247
    endloop
  endfacet
  facet normal 0.980731 0.195362 0
    outer loop
      vertex 48.6061 179.575 17.8753
      vertex 48.6808 179.2 52.3049
      vertex 48.6808 179.2 17.6951
    endloop
  endfacet
  facet normal -0.980731 0.195362 0
    outer loop
      vertex 44.0192 179.2 17.6951
      vertex 44.0939 179.575 52.1247
      vertex 44.0939 179.575 17.8753
    endloop
  endfacet
  facet normal -0.980731 0.195362 0
    outer loop
      vertex 44.0939 179.575 52.1247
      vertex 44.0192 179.2 17.6951
      vertex 44.0192 179.2 52.3049
    endloop
  endfacet
  facet normal -0.554061 0.832476 0
    outer loop
      vertex 44.6247 180.106 18.4061
      vertex 44.4444 179.986 51.6685
      vertex 44.6247 180.106 51.5939
    endloop
  endfacet
  facet normal -0.554061 0.832476 0
    outer loop
      vertex 44.4444 179.986 18.3315
      vertex 44.4444 179.986 51.6685
      vertex 44.6247 180.106 18.4061
    endloop
  endfacet
  facet normal -0.554979 0.831865 0
    outer loop
      vertex 44.4444 179.986 51.6685
      vertex 44.4444 179.986 18.3315
      vertex 44.3065 179.894 51.8065
    endloop
  endfacet
  facet normal -0.554979 0.831865 0
    outer loop
      vertex 44.3065 179.894 51.8065
      vertex 44.4444 179.986 18.3315
      vertex 44.3065 179.894 18.1935
    endloop
  endfacet
  facet normal -0.196019 0.9806 0
    outer loop
      vertex 45 180.181 51.5192
      vertex 45 180.181 18.4808
      vertex 44.8049 180.142 51.5192
    endloop
  endfacet
  facet normal -0.196019 0.9806 0
    outer loop
      vertex 44.8049 180.142 18.4808
      vertex 44.8049 180.142 51.5192
      vertex 45 180.181 18.4808
    endloop
  endfacet
  facet normal -0.195907 0.980623 0
    outer loop
      vertex 44.8049 180.142 51.5192
      vertex 44.8049 180.142 18.4808
      vertex 44.6247 180.106 51.5939
    endloop
  endfacet
  facet normal -0.195907 0.980623 0
    outer loop
      vertex 44.6247 180.106 51.5939
      vertex 44.8049 180.142 18.4808
      vertex 44.6247 180.106 18.4061
    endloop
  endfacet
  facet normal 0.83205 0.5547 0
    outer loop
      vertex 48.5315 179.687 51.9444
      vertex 48.3935 179.894 18.1935
      vertex 48.3935 179.894 51.8065
    endloop
  endfacet
  facet normal 0.83205 0.5547 0
    outer loop
      vertex 48.5315 179.687 51.9444
      vertex 48.5315 179.687 18.0556
      vertex 48.3935 179.894 18.1935
    endloop
  endfacet
  facet normal 0.832279 0.554357 0
    outer loop
      vertex 48.6061 179.575 52.1247
      vertex 48.5315 179.687 18.0556
      vertex 48.5315 179.687 51.9444
    endloop
  endfacet
  facet normal 0.832279 0.554357 0
    outer loop
      vertex 48.5315 179.687 18.0556
      vertex 48.6061 179.575 52.1247
      vertex 48.6061 179.575 17.8753
    endloop
  endfacet
  facet normal -0.907917 0.181583 0.377774
    outer loop
      vertex 198.394 180.575 65.1951
      vertex 198.319 180.2 65.1951
      vertex 198.469 180.2 65.5556
    endloop
  endfacet
  facet normal -0.70113 0.141543 0.698843
    outer loop
      vertex 198.787 180.413 65.8315
      vertex 198.469 180.2 65.5556
      vertex 198.744 180.2 65.8315
    endloop
  endfacet
  facet normal -0.0769248 0.381046 0.92135
    outer loop
      vertex 199.3 180.756 65.8315
      vertex 199.087 180.713 65.8315
      vertex 199.3 180.395 65.9808
    endloop
  endfacet
  facet normal -0.980581 0.196116 0
    outer loop
      vertex 198.319 180.2 65.1951
      vertex 198.394 180.575 30.3753
      vertex 198.319 180.2 30.1951
    endloop
  endfacet
  facet normal -0.980581 0.196116 0
    outer loop
      vertex 198.394 180.575 30.3753
      vertex 198.319 180.2 65.1951
      vertex 198.394 180.575 65.1951
    endloop
  endfacet
  facet normal -0.138757 0.700391 0.700142
    outer loop
      vertex 199.3 181.031 65.5556
      vertex 198.982 180.968 65.5556
      vertex 199.087 180.713 65.8315
    endloop
  endfacet
  facet normal 0 1 -0
    outer loop
      vertex 202 181.181 30.9808
      vertex 199.3 181.181 65.1951
      vertex 202 181.181 65.1951
    endloop
  endfacet
  facet normal 0 1 0
    outer loop
      vertex 199.3 181.181 65.1951
      vertex 202 181.181 30.9808
      vertex 199.3 181.181 30.9808
    endloop
  endfacet
  facet normal -0.513641 0.770462 0.377573
    outer loop
      vertex 198.982 180.968 65.5556
      vertex 198.606 180.894 65.1951
      vertex 198.712 180.788 65.5556
    endloop
  endfacet
  facet normal -0.923266 0 0.384161
    outer loop
      vertex 198.319 174.902 65.1951
      vertex 198.469 180.2 65.5556
      vertex 198.319 180.2 65.1951
    endloop
  endfacet
  facet normal -0.914303 -0.00167356 0.405026
    outer loop
      vertex 198.328 174.898 65.2154
      vertex 198.469 180.2 65.5556
      vertex 198.319 174.902 65.1951
    endloop
  endfacet
  facet normal -0.923798 0 0.382879
    outer loop
      vertex 198.469 180.2 65.5556
      vertex 198.328 174.898 65.2154
      vertex 198.469 174.826 65.5556
    endloop
  endfacet
  facet normal -0.594224 0.396149 0.699974
    outer loop
      vertex 198.907 180.593 65.8315
      vertex 198.712 180.788 65.5556
      vertex 198.787 180.413 65.8315
    endloop
  endfacet
  facet normal 0 0.923266 0.384161
    outer loop
      vertex 202 181.181 65.1951
      vertex 199.3 181.031 65.5556
      vertex 202 181.031 65.5556
    endloop
  endfacet
  facet normal 0 0.923266 0.384161
    outer loop
      vertex 199.3 181.031 65.5556
      vertex 202 181.181 65.1951
      vertex 199.3 181.181 65.1951
    endloop
  endfacet
  facet normal -0.833898 0.551918 -2.10046e-05
    outer loop
      vertex 198.394 180.575 65.1951
      vertex 198.606 180.894 30.6935
      vertex 198.469 180.687 30.5556
    endloop
  endfacet
  facet normal -0.830907 0.556411 0
    outer loop
      vertex 198.394 180.575 65.1951
      vertex 198.469 180.687 30.5556
      vertex 198.394 180.575 30.3753
    endloop
  endfacet
  facet normal -0.832853 0.553495 0
    outer loop
      vertex 198.606 180.894 30.6935
      vertex 198.394 180.575 65.1951
      vertex 198.606 180.894 65.1951
    endloop
  endfacet
  facet normal 0.70113 0.141543 0.698843
    outer loop
      vertex 202.831 180.2 65.5556
      vertex 202.513 180.413 65.8315
      vertex 202.556 180.2 65.8315
    endloop
  endfacet
  facet normal 0.770462 0.513641 0.377573
    outer loop
      vertex 202.694 180.894 65.1951
      vertex 202.588 180.788 65.5556
      vertex 202.768 180.518 65.5556
    endloop
  endfacet
  facet normal 0.381046 0.0769248 0.92135
    outer loop
      vertex 202.513 180.413 65.8315
      vertex 202.195 180.2 65.9808
      vertex 202.556 180.2 65.8315
    endloop
  endfacet
  facet normal -0.396149 0.594224 0.699974
    outer loop
      vertex 198.982 180.968 65.5556
      vertex 198.712 180.788 65.5556
      vertex 199.087 180.713 65.8315
    endloop
  endfacet
  facet normal 0.323632 0.215755 0.921256
    outer loop
      vertex 202.393 180.593 65.8315
      vertex 202.138 180.338 65.9808
      vertex 202.18 180.275 65.9808
    endloop
  endfacet
  facet normal -0.770462 0.513641 0.377573
    outer loop
      vertex 198.606 180.894 65.1951
      vertex 198.532 180.518 65.5556
      vertex 198.712 180.788 65.5556
    endloop
  endfacet
  facet normal 0.594224 0.396149 0.699974
    outer loop
      vertex 202.588 180.788 65.5556
      vertex 202.513 180.413 65.8315
      vertex 202.768 180.518 65.5556
    endloop
  endfacet
  facet normal 0.513641 0.770462 0.377573
    outer loop
      vertex 202.694 180.894 65.1951
      vertex 202.318 180.968 65.5556
      vertex 202.588 180.788 65.5556
    endloop
  endfacet
  facet normal -0.181583 0.907917 0.377774
    outer loop
      vertex 199.3 181.181 65.1951
      vertex 198.925 181.106 65.1951
      vertex 199.3 181.031 65.5556
    endloop
  endfacet
  facet normal 0.196116 0.980581 -2.34532e-16
    outer loop
      vertex 202.375 181.106 65.1951
      vertex 202.195 181.142 30.9808
      vertex 202 181.181 65.1951
    endloop
  endfacet
  facet normal 0.196116 0.980581 0
    outer loop
      vertex 202.195 181.142 30.9808
      vertex 202.375 181.106 65.1951
      vertex 202.375 181.106 30.9061
    endloop
  endfacet
  facet normal 0.196116 0.980581 0
    outer loop
      vertex 202 181.181 65.1951
      vertex 202.195 181.142 30.9808
      vertex 202 181.181 30.9808
    endloop
  endfacet
  facet normal 0.553495 0.832853 0
    outer loop
      vertex 202.694 180.894 65.1951
      vertex 202.375 181.106 30.9061
      vertex 202.375 181.106 65.1951
    endloop
  endfacet
  facet normal 0.552577 0.833462 1.23077e-05
    outer loop
      vertex 202.694 180.894 65.1951
      vertex 202.556 180.986 30.8315
      vertex 202.375 181.106 30.9061
    endloop
  endfacet
  facet normal 0.5547 0.83205 0
    outer loop
      vertex 202.556 180.986 30.8315
      vertex 202.694 180.894 65.1951
      vertex 202.694 180.894 30.6935
    endloop
  endfacet
  facet normal -0.771588 0.51278 0.376443
    outer loop
      vertex 198.606 180.894 65.1951
      vertex 198.394 180.575 65.1951
      vertex 198.532 180.518 65.5556
    endloop
  endfacet
  facet normal -0.90881 0.180047 0.376362
    outer loop
      vertex 198.532 180.518 65.5556
      vertex 198.394 180.575 65.1951
      vertex 198.469 180.2 65.5556
    endloop
  endfacet
  facet normal -0.381046 0.0769248 0.92135
    outer loop
      vertex 198.787 180.413 65.8315
      vertex 198.744 180.2 65.8315
      vertex 199.105 180.2 65.9808
    endloop
  endfacet
  facet normal -0.141543 0.70113 0.698843
    outer loop
      vertex 199.3 181.031 65.5556
      vertex 199.087 180.713 65.8315
      vertex 199.3 180.756 65.8315
    endloop
  endfacet
  facet normal 0.181583 0.907917 0.377774
    outer loop
      vertex 202 181.181 65.1951
      vertex 202 181.031 65.5556
      vertex 202.375 181.106 65.1951
    endloop
  endfacet
  facet normal 0.180047 0.90881 0.376362
    outer loop
      vertex 202.375 181.106 65.1951
      vertex 202 181.031 65.5556
      vertex 202.318 180.968 65.5556
    endloop
  endfacet
  facet normal 0.907917 0.181583 0.377774
    outer loop
      vertex 202.906 180.575 65.1951
      vertex 202.831 180.2 65.5556
      vertex 202.981 180.2 65.1951
    endloop
  endfacet
  facet normal 0.90881 0.180047 0.376362
    outer loop
      vertex 202.906 180.575 65.1951
      vertex 202.768 180.518 65.5556
      vertex 202.831 180.2 65.5556
    endloop
  endfacet
  facet normal 0.700391 0.138757 0.700142
    outer loop
      vertex 202.768 180.518 65.5556
      vertex 202.513 180.413 65.8315
      vertex 202.831 180.2 65.5556
    endloop
  endfacet
  facet normal -0.708261 0 0.705951
    outer loop
      vertex 198.469 174.826 65.5556
      vertex 198.744 180.2 65.8315
      vertex 198.469 180.2 65.5556
    endloop
  endfacet
  facet normal -0.708677 4.27251e-05 0.705533
    outer loop
      vertex 198.625 174.746 65.7123
      vertex 198.744 180.2 65.8315
      vertex 198.469 174.826 65.5556
    endloop
  endfacet
  facet normal -0.7077 0 0.706513
    outer loop
      vertex 198.744 180.2 65.8315
      vertex 198.625 174.746 65.7123
      vertex 198.744 174.685 65.8315
    endloop
  endfacet
  facet normal -0.38274 0 0.923856
    outer loop
      vertex 199.105 180.2 65.9808
      vertex 199 174.5 65.9373
      vertex 199.105 174.395 65.9808
    endloop
  endfacet
  facet normal -0.381931 -1.74594e-05 0.924191
    outer loop
      vertex 199.105 180.2 65.9808
      vertex 198.849 174.621 65.8749
      vertex 199 174.5 65.9373
    endloop
  endfacet
  facet normal -0.384893 0.000141796 0.922961
    outer loop
      vertex 199.105 180.2 65.9808
      vertex 198.814 174.649 65.8603
      vertex 198.849 174.621 65.8749
    endloop
  endfacet
  facet normal -0.382178 0 0.924089
    outer loop
      vertex 198.744 174.685 65.8315
      vertex 199.105 180.2 65.9808
      vertex 198.744 180.2 65.8315
    endloop
  endfacet
  facet normal -0.380539 -0.000125605 0.924765
    outer loop
      vertex 199.105 180.2 65.9808
      vertex 198.744 174.685 65.8315
      vertex 198.814 174.649 65.8603
    endloop
  endfacet
  facet normal -0.553495 0.832853 0
    outer loop
      vertex 198.925 181.106 30.9061
      vertex 198.606 180.894 65.1951
      vertex 198.925 181.106 65.1951
    endloop
  endfacet
  facet normal -0.552577 0.833462 1.23077e-05
    outer loop
      vertex 198.744 180.986 30.8315
      vertex 198.606 180.894 65.1951
      vertex 198.925 181.106 30.9061
    endloop
  endfacet
  facet normal -0.5547 0.83205 0
    outer loop
      vertex 198.606 180.894 65.1951
      vertex 198.744 180.986 30.8315
      vertex 198.606 180.894 30.6935
    endloop
  endfacet
  facet normal -0.196116 0.980581 0
    outer loop
      vertex 199.3 181.181 30.9808
      vertex 198.925 181.106 65.1951
      vertex 199.3 181.181 65.1951
    endloop
  endfacet
  facet normal -0.196116 0.980581 -1.37806e-16
    outer loop
      vertex 199.105 181.142 30.9808
      vertex 198.925 181.106 65.1951
      vertex 199.3 181.181 30.9808
    endloop
  endfacet
  facet normal -0.196116 0.980581 0
    outer loop
      vertex 198.925 181.106 65.1951
      vertex 199.105 181.142 30.9808
      vertex 198.925 181.106 30.9061
    endloop
  endfacet
  facet normal 0.771588 0.51278 0.376443
    outer loop
      vertex 202.906 180.575 65.1951
      vertex 202.694 180.894 65.1951
      vertex 202.768 180.518 65.5556
    endloop
  endfacet
  facet normal -0.594224 0.396149 0.699974
    outer loop
      vertex 198.712 180.788 65.5556
      vertex 198.532 180.518 65.5556
      vertex 198.787 180.413 65.8315
    endloop
  endfacet
  facet normal -0.700391 0.138757 0.700142
    outer loop
      vertex 198.532 180.518 65.5556
      vertex 198.469 180.2 65.5556
      vertex 198.787 180.413 65.8315
    endloop
  endfacet
  facet normal -0.381426 0.0762851 0.921246
    outer loop
      vertex 199.12 180.275 65.9808
      vertex 198.787 180.413 65.8315
      vertex 199.105 180.2 65.9808
    endloop
  endfacet
  facet normal 0.0769248 0.381046 0.92135
    outer loop
      vertex 202 180.756 65.8315
      vertex 202 180.395 65.9808
      vertex 202.213 180.713 65.8315
    endloop
  endfacet
  facet normal 0.51278 0.771588 0.376443
    outer loop
      vertex 202.375 181.106 65.1951
      vertex 202.318 180.968 65.5556
      vertex 202.694 180.894 65.1951
    endloop
  endfacet
  facet normal -0.180047 0.90881 0.376362
    outer loop
      vertex 199.3 181.031 65.5556
      vertex 198.925 181.106 65.1951
      vertex 198.982 180.968 65.5556
    endloop
  endfacet
  facet normal -0.51278 0.771588 0.376443
    outer loop
      vertex 198.925 181.106 65.1951
      vertex 198.606 180.894 65.1951
      vertex 198.982 180.968 65.5556
    endloop
  endfacet
  facet normal 0.138757 0.700391 0.700142
    outer loop
      vertex 202.318 180.968 65.5556
      vertex 202 181.031 65.5556
      vertex 202.213 180.713 65.8315
    endloop
  endfacet
  facet normal 0.141543 0.70113 0.698843
    outer loop
      vertex 202 181.031 65.5556
      vertex 202 180.756 65.8315
      vertex 202.213 180.713 65.8315
    endloop
  endfacet
  facet normal -0.215755 0.323632 0.921256
    outer loop
      vertex 199.087 180.713 65.8315
      vertex 198.907 180.593 65.8315
      vertex 199.225 180.38 65.9808
    endloop
  endfacet
  facet normal 0.323632 0.215755 0.921256
    outer loop
      vertex 202.393 180.593 65.8315
      vertex 202.18 180.275 65.9808
      vertex 202.513 180.413 65.8315
    endloop
  endfacet
  facet normal 0.396149 0.594224 0.699974
    outer loop
      vertex 202.318 180.968 65.5556
      vertex 202.213 180.713 65.8315
      vertex 202.588 180.788 65.5556
    endloop
  endfacet
  facet normal -0 0.382178 0.924089
    outer loop
      vertex 199.3 180.756 65.8315
      vertex 202 180.395 65.9808
      vertex 202 180.756 65.8315
    endloop
  endfacet
  facet normal 0 0.382178 0.924089
    outer loop
      vertex 202 180.395 65.9808
      vertex 199.3 180.756 65.8315
      vertex 199.3 180.395 65.9808
    endloop
  endfacet
  facet normal 0 0.708261 0.705951
    outer loop
      vertex 202 181.031 65.5556
      vertex 199.3 180.756 65.8315
      vertex 202 180.756 65.8315
    endloop
  endfacet
  facet normal 0 0.708261 0.705951
    outer loop
      vertex 199.3 180.756 65.8315
      vertex 202 181.031 65.5556
      vertex 199.3 181.031 65.5556
    endloop
  endfacet
  facet normal 0.381426 0.0762851 0.921246
    outer loop
      vertex 202.513 180.413 65.8315
      vertex 202.18 180.275 65.9808
      vertex 202.195 180.2 65.9808
    endloop
  endfacet
  facet normal 0.396149 0.594224 0.699974
    outer loop
      vertex 202.588 180.788 65.5556
      vertex 202.213 180.713 65.8315
      vertex 202.393 180.593 65.8315
    endloop
  endfacet
  facet normal 0.832853 0.553495 0
    outer loop
      vertex 202.906 180.575 65.1951
      vertex 202.694 180.894 30.6935
      vertex 202.694 180.894 65.1951
    endloop
  endfacet
  facet normal 0.833898 0.551918 -2.10046e-05
    outer loop
      vertex 202.694 180.894 30.6935
      vertex 202.906 180.575 65.1951
      vertex 202.831 180.687 30.5556
    endloop
  endfacet
  facet normal 0.830907 0.556411 0
    outer loop
      vertex 202.831 180.687 30.5556
      vertex 202.906 180.575 65.1951
      vertex 202.906 180.575 30.3753
    endloop
  endfacet
  facet normal 0.980581 0.196116 0
    outer loop
      vertex 202.981 180.2 65.1951
      vertex 202.906 180.575 30.3753
      vertex 202.906 180.575 65.1951
    endloop
  endfacet
  facet normal 0.980581 0.196116 0
    outer loop
      vertex 202.906 180.575 30.3753
      vertex 202.981 180.2 65.1951
      vertex 202.981 180.2 30.1951
    endloop
  endfacet
  facet normal -0.215755 0.323632 0.921256
    outer loop
      vertex 199.225 180.38 65.9808
      vertex 198.907 180.593 65.8315
      vertex 199.162 180.338 65.9808
    endloop
  endfacet
  facet normal -0.396149 0.594224 0.699974
    outer loop
      vertex 199.087 180.713 65.8315
      vertex 198.712 180.788 65.5556
      vertex 198.907 180.593 65.8315
    endloop
  endfacet
  facet normal -0.323632 0.215755 0.921256
    outer loop
      vertex 199.162 180.338 65.9808
      vertex 198.907 180.593 65.8315
      vertex 199.12 180.275 65.9808
    endloop
  endfacet
  facet normal -0.323632 0.215755 0.921256
    outer loop
      vertex 198.907 180.593 65.8315
      vertex 198.787 180.413 65.8315
      vertex 199.12 180.275 65.9808
    endloop
  endfacet
  facet normal -0.0762851 0.381426 0.921246
    outer loop
      vertex 199.3 180.395 65.9808
      vertex 199.087 180.713 65.8315
      vertex 199.225 180.38 65.9808
    endloop
  endfacet
  facet normal 0.0762851 0.381426 0.921246
    outer loop
      vertex 202.213 180.713 65.8315
      vertex 202 180.395 65.9808
      vertex 202.075 180.38 65.9808
    endloop
  endfacet
  facet normal 0.594224 0.396149 0.699974
    outer loop
      vertex 202.588 180.788 65.5556
      vertex 202.393 180.593 65.8315
      vertex 202.513 180.413 65.8315
    endloop
  endfacet
  facet normal 0.215755 0.323632 0.921256
    outer loop
      vertex 202.213 180.713 65.8315
      vertex 202.075 180.38 65.9808
      vertex 202.393 180.593 65.8315
    endloop
  endfacet
  facet normal 0.215755 0.323632 0.921256
    outer loop
      vertex 202.393 180.593 65.8315
      vertex 202.075 180.38 65.9808
      vertex 202.138 180.338 65.9808
    endloop
  endfacet
  facet normal -0.924029 0 0.382322
    outer loop
      vertex 44.0939 188.825 17.8753
      vertex 44.1685 179.687 18.0556
      vertex 44.1685 188.713 18.0556
    endloop
  endfacet
  facet normal -0.923773 0 0.38294
    outer loop
      vertex 44.0939 179.575 17.8753
      vertex 44.0939 188.825 17.8753
      vertex 44.0192 189.2 17.6951
    endloop
  endfacet
  facet normal -0.924029 0 0.382322
    outer loop
      vertex 44.0939 188.825 17.8753
      vertex 44.0939 179.575 17.8753
      vertex 44.1685 179.687 18.0556
    endloop
  endfacet
  facet normal -0.923773 0 0.38294
    outer loop
      vertex 44.0939 179.575 17.8753
      vertex 44.0192 189.2 17.6951
      vertex 44.0192 179.2 17.6951
    endloop
  endfacet
  facet normal -0.707363 0 0.70685
    outer loop
      vertex 44.3065 188.506 18.1935
      vertex 44.4444 179.986 18.3315
      vertex 44.4444 188.414 18.3315
    endloop
  endfacet
  facet normal -0.70685 0 0.707363
    outer loop
      vertex 44.3065 179.894 18.1935
      vertex 44.3065 188.506 18.1935
      vertex 44.1685 188.713 18.0556
    endloop
  endfacet
  facet normal -0.707363 0 0.70685
    outer loop
      vertex 44.3065 188.506 18.1935
      vertex 44.3065 179.894 18.1935
      vertex 44.4444 179.986 18.3315
    endloop
  endfacet
  facet normal -0.70685 0 0.707363
    outer loop
      vertex 44.3065 179.894 18.1935
      vertex 44.1685 188.713 18.0556
      vertex 44.1685 179.687 18.0556
    endloop
  endfacet
  facet normal 0.707363 -0 0.70685
    outer loop
      vertex 48.2556 179.986 18.3315
      vertex 48.3935 188.506 18.1935
      vertex 48.2556 188.414 18.3315
    endloop
  endfacet
  facet normal 0.707363 -0 0.70685
    outer loop
      vertex 48.3935 179.894 18.1935
      vertex 48.3935 188.506 18.1935
      vertex 48.2556 179.986 18.3315
    endloop
  endfacet
  facet normal 0.70685 0 0.707363
    outer loop
      vertex 48.3935 188.506 18.1935
      vertex 48.3935 179.894 18.1935
      vertex 48.5315 188.713 18.0556
    endloop
  endfacet
  facet normal 0.70685 0 0.707363
    outer loop
      vertex 48.5315 188.713 18.0556
      vertex 48.3935 179.894 18.1935
      vertex 48.5315 179.687 18.0556
    endloop
  endfacet
  facet normal -0.38294 0 0.923773
    outer loop
      vertex 44.6247 188.294 18.4061
      vertex 44.8049 180.142 18.4808
      vertex 44.8049 188.258 18.4808
    endloop
  endfacet
  facet normal -0.38294 0 0.923773
    outer loop
      vertex 44.6247 188.294 18.4061
      vertex 44.6247 180.106 18.4061
      vertex 44.8049 180.142 18.4808
    endloop
  endfacet
  facet normal -0.382322 0 0.924029
    outer loop
      vertex 44.4444 188.414 18.3315
      vertex 44.6247 180.106 18.4061
      vertex 44.6247 188.294 18.4061
    endloop
  endfacet
  facet normal -0.382322 0 0.924029
    outer loop
      vertex 44.6247 180.106 18.4061
      vertex 44.4444 188.414 18.3315
      vertex 44.4444 179.986 18.3315
    endloop
  endfacet
  facet normal 0.382322 0 0.924029
    outer loop
      vertex 48.0753 188.294 18.4061
      vertex 48.2556 179.986 18.3315
      vertex 48.2556 188.414 18.3315
    endloop
  endfacet
  facet normal 0.382322 0 0.924029
    outer loop
      vertex 48.0753 188.294 18.4061
      vertex 48.0753 180.106 18.4061
      vertex 48.2556 179.986 18.3315
    endloop
  endfacet
  facet normal 0.38294 0 0.923773
    outer loop
      vertex 47.8951 188.258 18.4808
      vertex 48.0753 180.106 18.4061
      vertex 48.0753 188.294 18.4061
    endloop
  endfacet
  facet normal 0.38294 0 0.923773
    outer loop
      vertex 48.0753 180.106 18.4061
      vertex 47.8951 188.258 18.4808
      vertex 47.8951 180.142 18.4808
    endloop
  endfacet
  facet normal 0.924029 -0 0.382322
    outer loop
      vertex 48.5315 179.687 18.0556
      vertex 48.6061 188.825 17.8753
      vertex 48.5315 188.713 18.0556
    endloop
  endfacet
  facet normal 0.924029 -0 0.382322
    outer loop
      vertex 48.6061 179.575 17.8753
      vertex 48.6061 188.825 17.8753
      vertex 48.5315 179.687 18.0556
    endloop
  endfacet
  facet normal 0.923773 0 0.38294
    outer loop
      vertex 48.6061 188.825 17.8753
      vertex 48.6061 179.575 17.8753
      vertex 48.6808 189.2 17.6951
    endloop
  endfacet
  facet normal 0.923773 0 0.38294
    outer loop
      vertex 48.6808 189.2 17.6951
      vertex 48.6061 179.575 17.8753
      vertex 48.6808 179.2 17.6951
    endloop
  endfacet
  facet normal -0 0 1
    outer loop
      vertex 47.7 188.219 18.4808
      vertex 47.8951 180.142 18.4808
      vertex 47.8951 188.258 18.4808
    endloop
  endfacet
  facet normal 0 0 1
    outer loop
      vertex 47.7 188.219 18.4808
      vertex 47.7 180.181 18.4808
      vertex 47.8951 180.142 18.4808
    endloop
  endfacet
  facet normal -0 0 1
    outer loop
      vertex 45 188.219 18.4808
      vertex 47.7 180.181 18.4808
      vertex 47.7 188.219 18.4808
    endloop
  endfacet
  facet normal 0 0 1
    outer loop
      vertex 45 188.219 18.4808
      vertex 45 180.181 18.4808
      vertex 47.7 180.181 18.4808
    endloop
  endfacet
  facet normal 0 0 1
    outer loop
      vertex 44.8049 188.258 18.4808
      vertex 45 180.181 18.4808
      vertex 45 188.219 18.4808
    endloop
  endfacet
  facet normal 0 0 1
    outer loop
      vertex 45 180.181 18.4808
      vertex 44.8049 188.258 18.4808
      vertex 44.8049 180.142 18.4808
    endloop
  endfacet
  facet normal 0.707363 0 -0.70685
    outer loop
      vertex 48.3935 188.506 51.8065
      vertex 48.2556 179.986 51.6685
      vertex 48.2556 188.414 51.6685
    endloop
  endfacet
  facet normal 0.70685 0 -0.707363
    outer loop
      vertex 48.3935 179.894 51.8065
      vertex 48.3935 188.506 51.8065
      vertex 48.5315 188.713 51.9444
    endloop
  endfacet
  facet normal 0.707363 0 -0.70685
    outer loop
      vertex 48.3935 188.506 51.8065
      vertex 48.3935 179.894 51.8065
      vertex 48.2556 179.986 51.6685
    endloop
  endfacet
  facet normal 0.70685 0 -0.707363
    outer loop
      vertex 48.3935 179.894 51.8065
      vertex 48.5315 188.713 51.9444
      vertex 48.5315 179.687 51.9444
    endloop
  endfacet
  facet normal -0.707363 0 -0.70685
    outer loop
      vertex 44.4444 179.986 51.6685
      vertex 44.3065 188.506 51.8065
      vertex 44.4444 188.414 51.6685
    endloop
  endfacet
  facet normal -0.707363 0 -0.70685
    outer loop
      vertex 44.3065 179.894 51.8065
      vertex 44.3065 188.506 51.8065
      vertex 44.4444 179.986 51.6685
    endloop
  endfacet
  facet normal -0.70685 -0 -0.707363
    outer loop
      vertex 44.3065 188.506 51.8065
      vertex 44.3065 179.894 51.8065
      vertex 44.1685 188.713 51.9444
    endloop
  endfacet
  facet normal -0.70685 -0 -0.707363
    outer loop
      vertex 44.1685 188.713 51.9444
      vertex 44.3065 179.894 51.8065
      vertex 44.1685 179.687 51.9444
    endloop
  endfacet
  facet normal -0.924029 0 -0.382322
    outer loop
      vertex 44.1685 179.687 51.9444
      vertex 44.0939 188.825 52.1247
      vertex 44.1685 188.713 51.9444
    endloop
  endfacet
  facet normal -0.924029 0 -0.382322
    outer loop
      vertex 44.0939 179.575 52.1247
      vertex 44.0939 188.825 52.1247
      vertex 44.1685 179.687 51.9444
    endloop
  endfacet
  facet normal -0.923773 -0 -0.38294
    outer loop
      vertex 44.0939 188.825 52.1247
      vertex 44.0939 179.575 52.1247
      vertex 44.0192 189.2 52.3049
    endloop
  endfacet
  facet normal -0.923773 -0 -0.38294
    outer loop
      vertex 44.0192 189.2 52.3049
      vertex 44.0939 179.575 52.1247
      vertex 44.0192 179.2 52.3049
    endloop
  endfacet
  facet normal 0.924029 0 -0.382322
    outer loop
      vertex 48.6061 188.825 52.1247
      vertex 48.5315 179.687 51.9444
      vertex 48.5315 188.713 51.9444
    endloop
  endfacet
  facet normal 0.923773 0 -0.38294
    outer loop
      vertex 48.6061 179.575 52.1247
      vertex 48.6061 188.825 52.1247
      vertex 48.6808 189.2 52.3049
    endloop
  endfacet
  facet normal 0.924029 0 -0.382322
    outer loop
      vertex 48.6061 188.825 52.1247
      vertex 48.6061 179.575 52.1247
      vertex 48.5315 179.687 51.9444
    endloop
  endfacet
  facet normal 0.923773 0 -0.38294
    outer loop
      vertex 48.6061 179.575 52.1247
      vertex 48.6808 189.2 52.3049
      vertex 48.6808 179.2 52.3049
    endloop
  endfacet
  facet normal 0.382322 0 -0.924029
    outer loop
      vertex 48.0753 180.106 51.5939
      vertex 48.2556 188.414 51.6685
      vertex 48.2556 179.986 51.6685
    endloop
  endfacet
  facet normal 0.382322 0 -0.924029
    outer loop
      vertex 48.0753 180.106 51.5939
      vertex 48.0753 188.294 51.5939
      vertex 48.2556 188.414 51.6685
    endloop
  endfacet
  facet normal 0.38294 0 -0.923773
    outer loop
      vertex 47.8951 180.142 51.5192
      vertex 48.0753 188.294 51.5939
      vertex 48.0753 180.106 51.5939
    endloop
  endfacet
  facet normal 0.38294 0 -0.923773
    outer loop
      vertex 48.0753 188.294 51.5939
      vertex 47.8951 180.142 51.5192
      vertex 47.8951 188.258 51.5192
    endloop
  endfacet
  facet normal -0.38294 0 -0.923773
    outer loop
      vertex 44.6247 180.106 51.5939
      vertex 44.8049 188.258 51.5192
      vertex 44.8049 180.142 51.5192
    endloop
  endfacet
  facet normal -0.38294 0 -0.923773
    outer loop
      vertex 44.6247 180.106 51.5939
      vertex 44.6247 188.294 51.5939
      vertex 44.8049 188.258 51.5192
    endloop
  endfacet
  facet normal -0.382322 0 -0.924029
    outer loop
      vertex 44.4444 179.986 51.6685
      vertex 44.6247 188.294 51.5939
      vertex 44.6247 180.106 51.5939
    endloop
  endfacet
  facet normal -0.382322 0 -0.924029
    outer loop
      vertex 44.6247 188.294 51.5939
      vertex 44.4444 179.986 51.6685
      vertex 44.4444 188.414 51.6685
    endloop
  endfacet
  facet normal 0 0 -1
    outer loop
      vertex 47.7 180.181 51.5192
      vertex 47.8951 188.258 51.5192
      vertex 47.8951 180.142 51.5192
    endloop
  endfacet
  facet normal 0 0 -1
    outer loop
      vertex 47.7 180.181 51.5192
      vertex 47.7 188.219 51.5192
      vertex 47.8951 188.258 51.5192
    endloop
  endfacet
  facet normal 0 0 -1
    outer loop
      vertex 45 180.181 51.5192
      vertex 47.7 188.219 51.5192
      vertex 47.7 180.181 51.5192
    endloop
  endfacet
  facet normal 0 0 -1
    outer loop
      vertex 45 180.181 51.5192
      vertex 45 188.219 51.5192
      vertex 47.7 188.219 51.5192
    endloop
  endfacet
  facet normal 0 0 -1
    outer loop
      vertex 44.8049 180.142 51.5192
      vertex 45 188.219 51.5192
      vertex 45 180.181 51.5192
    endloop
  endfacet
  facet normal -0 0 -1
    outer loop
      vertex 45 188.219 51.5192
      vertex 44.8049 180.142 51.5192
      vertex 44.8049 188.258 51.5192
    endloop
  endfacet
  facet normal 0.0978221 0 0.995204
    outer loop
      vertex 213.507 203.2 62.2288
      vertex 213.8 193.2 62.2
      vertex 213.8 203.2 62.2
    endloop
  endfacet
  facet normal 0.0978221 0 0.995204
    outer loop
      vertex 213.8 193.2 62.2
      vertex 213.507 203.2 62.2288
      vertex 213.507 193.2 62.2288
    endloop
  endfacet
  facet normal 0.290782 0 0.956789
    outer loop
      vertex 213.226 203.2 62.3142
      vertex 213.507 193.2 62.2288
      vertex 213.507 203.2 62.2288
    endloop
  endfacet
  facet normal 0.290782 0 0.956789
    outer loop
      vertex 213.507 193.2 62.2288
      vertex 213.226 203.2 62.3142
      vertex 213.226 193.2 62.3142
    endloop
  endfacet
  facet normal -0.0978027 -0.0199001 0.995007
    outer loop
      vertex 213.8 193.125 62.1985
      vertex 214.093 193.2 62.2288
      vertex 213.8 193.2 62.2
    endloop
  endfacet
  facet normal -0.0982033 -0.0183313 0.994998
    outer loop
      vertex 214.093 193.2 62.2288
      vertex 213.8 193.125 62.1985
      vertex 214.107 193.125 62.2288
    endloop
  endfacet
  facet normal -0.0907884 -0.375102 0.922527
    outer loop
      vertex 214.178 193.02 62.2253
      vertex 213.8 193.02 62.1881
      vertex 214.048 192.807 62.1259
    endloop
  endfacet
  facet normal -0.0914707 -0.375794 0.922178
    outer loop
      vertex 213.8 192.687 62.0524
      vertex 214.048 192.807 62.1259
      vertex 213.8 193.02 62.1881
    endloop
  endfacet
  facet normal -0.0908394 -0.376869 0.921802
    outer loop
      vertex 214.048 192.807 62.1259
      vertex 213.8 192.687 62.0524
      vertex 214.075 192.687 62.0795
    endloop
  endfacet
  facet normal -0.0882848 -0.435439 0.895879
    outer loop
      vertex 213.8 192.644 62.0315
      vertex 214.075 192.687 62.0795
      vertex 213.8 192.687 62.0524
    endloop
  endfacet
  facet normal -0.0883993 -0.434956 0.896102
    outer loop
      vertex 214.075 192.687 62.0795
      vertex 213.8 192.644 62.0315
      vertex 214.17 192.644 62.068
    endloop
  endfacet
  facet normal -0.0967424 -0.147645 0.984298
    outer loop
      vertex 213.8 193.02 62.1881
      vertex 214.15 193.062 62.2288
      vertex 213.8 193.062 62.1944
    endloop
  endfacet
  facet normal -0.0968811 -0.146624 0.984437
    outer loop
      vertex 214.15 193.062 62.2288
      vertex 213.8 193.02 62.1881
      vertex 214.178 193.02 62.2253
    endloop
  endfacet
  facet normal -0.0694621 -0.706659 0.704136
    outer loop
      vertex 213.8 192.644 62.0315
      vertex 214.126 192.432 61.8509
      vertex 214.17 192.644 62.068
    endloop
  endfacet
  facet normal -0.0692555 -0.706718 0.704098
    outer loop
      vertex 214.126 192.432 61.8509
      vertex 213.8 192.369 61.7556
      vertex 214.288 192.369 61.8036
    endloop
  endfacet
  facet normal -0.0693317 -0.706557 0.704252
    outer loop
      vertex 213.8 192.369 61.7556
      vertex 214.126 192.432 61.8509
      vertex 213.8 192.644 62.0315
    endloop
  endfacet
  facet normal -0.0978221 0 0.995204
    outer loop
      vertex 213.8 203.2 62.2
      vertex 214.093 193.2 62.2288
      vertex 214.093 203.2 62.2288
    endloop
  endfacet
  facet normal -0.0978221 0 0.995204
    outer loop
      vertex 214.093 193.2 62.2288
      vertex 213.8 203.2 62.2
      vertex 213.8 193.2 62.2
    endloop
  endfacet
  facet normal -0.0980145 -0.0646293 0.993084
    outer loop
      vertex 213.8 193.062 62.1944
      vertex 214.107 193.125 62.2288
      vertex 213.8 193.125 62.1985
    endloop
  endfacet
  facet normal -0.0975971 -0.0666139 0.992994
    outer loop
      vertex 214.107 193.125 62.2288
      vertex 213.8 193.062 62.1944
      vertex 214.15 193.062 62.2288
    endloop
  endfacet
  facet normal -0.0377594 -0.922608 0.383887
    outer loop
      vertex 213.8 192.369 61.7556
      vertex 214.288 192.219 61.4431
      vertex 214.288 192.369 61.8036
    endloop
  endfacet
  facet normal -0.0377594 -0.922608 0.383887
    outer loop
      vertex 214.288 192.219 61.4431
      vertex 213.8 192.369 61.7556
      vertex 213.8 192.219 61.3951
    endloop
  endfacet
  facet normal -0.115738 -0.917082 0.381531
    outer loop
      vertex 214.288 192.369 61.8036
      vertex 214.669 192.294 61.7389
      vertex 214.676 192.369 61.9213
    endloop
  endfacet
  facet normal -0.115726 -0.917063 0.38158
    outer loop
      vertex 214.288 192.219 61.4431
      vertex 214.669 192.294 61.7389
      vertex 214.288 192.369 61.8036
    endloop
  endfacet
  facet normal -0.115802 -0.917017 0.381666
    outer loop
      vertex 214.669 192.294 61.7389
      vertex 214.288 192.219 61.4431
      vertex 214.757 192.219 61.5854
    endloop
  endfacet
  facet normal -0.163718 -0.825975 0.539409
    outer loop
      vertex 214.288 192.369 61.8036
      vertex 214.439 192.432 61.9459
      vertex 214.126 192.432 61.8509
    endloop
  endfacet
  facet normal -0.163604 -0.826054 0.539322
    outer loop
      vertex 214.439 192.432 61.9459
      vertex 214.288 192.369 61.8036
      vertex 214.676 192.369 61.9213
    endloop
  endfacet
  facet normal -0.289352 -0.0578704 0.955472
    outer loop
      vertex 214.374 193.2 62.3142
      vertex 214.107 193.125 62.2288
      vertex 214.389 193.125 62.3142
    endloop
  endfacet
  facet normal -0.290355 -0.0541996 0.955383
    outer loop
      vertex 214.107 193.125 62.2288
      vertex 214.374 193.2 62.3142
      vertex 214.093 193.2 62.2288
    endloop
  endfacet
  facet normal -0.290782 0 0.956789
    outer loop
      vertex 214.093 203.2 62.2288
      vertex 214.374 193.2 62.3142
      vertex 214.374 203.2 62.3142
    endloop
  endfacet
  facet normal -0.290782 0 0.956789
    outer loop
      vertex 214.374 193.2 62.3142
      vertex 214.093 203.2 62.2288
      vertex 214.093 193.2 62.2288
    endloop
  endfacet
  facet normal -0.266192 -0.399289 0.877331
    outer loop
      vertex 214.364 192.807 62.2218
      vertex 214.075 192.687 62.0795
      vertex 214.544 192.687 62.2218
    endloop
  endfacet
  facet normal -0.266265 -0.399159 0.877368
    outer loop
      vertex 214.075 192.687 62.0795
      vertex 214.364 192.807 62.2218
      vertex 214.048 192.807 62.1259
    endloop
  endfacet
  facet normal -0.285817 -0.189159 0.939429
    outer loop
      vertex 214.389 193.125 62.3142
      vertex 214.15 193.062 62.2288
      vertex 214.362 193.062 62.2933
    endloop
  endfacet
  facet normal -0.284328 -0.194065 0.938881
    outer loop
      vertex 214.15 193.062 62.2288
      vertex 214.389 193.125 62.3142
      vertex 214.107 193.125 62.2288
    endloop
  endfacet
  facet normal -0.212456 -0.675981 0.705629
    outer loop
      vertex 214.544 192.687 62.2218
      vertex 214.17 192.644 62.068
      vertex 214.439 192.432 61.9459
    endloop
  endfacet
  facet normal -0.216091 -0.667884 0.712205
    outer loop
      vertex 214.17 192.644 62.068
      vertex 214.544 192.687 62.2218
      vertex 214.075 192.687 62.0795
    endloop
  endfacet
  facet normal -0.213776 -0.676912 0.704337
    outer loop
      vertex 214.439 192.432 61.9459
      vertex 214.17 192.644 62.068
      vertex 214.126 192.432 61.8509
    endloop
  endfacet
  facet normal -0.281584 -0.261244 0.923289
    outer loop
      vertex 214.362 193.062 62.2933
      vertex 214.178 193.02 62.2253
      vertex 214.306 192.987 62.255
    endloop
  endfacet
  facet normal -0.280741 -0.264056 0.922745
    outer loop
      vertex 214.178 193.02 62.2253
      vertex 214.362 193.062 62.2933
      vertex 214.15 193.062 62.2288
    endloop
  endfacet
  facet normal -0.281267 -0.25948 0.923883
    outer loop
      vertex 214.048 192.807 62.1259
      vertex 214.306 192.987 62.255
      vertex 214.178 193.02 62.2253
    endloop
  endfacet
  facet normal -0.280358 -0.260729 0.923807
    outer loop
      vertex 214.306 192.987 62.255
      vertex 214.048 192.807 62.1259
      vertex 214.364 192.807 62.2218
    endloop
  endfacet
  facet normal 0.0978027 -0.0199001 0.995007
    outer loop
      vertex 213.507 193.2 62.2288
      vertex 213.8 193.125 62.1985
      vertex 213.8 193.2 62.2
    endloop
  endfacet
  facet normal 0.0982033 -0.0183313 0.994998
    outer loop
      vertex 213.8 193.125 62.1985
      vertex 213.507 193.2 62.2288
      vertex 213.493 193.125 62.2288
    endloop
  endfacet
  facet normal 0.0980145 -0.0646293 0.993084
    outer loop
      vertex 213.493 193.125 62.2288
      vertex 213.8 193.062 62.1944
      vertex 213.8 193.125 62.1985
    endloop
  endfacet
  facet normal 0.0975971 -0.0666139 0.992994
    outer loop
      vertex 213.8 193.062 62.1944
      vertex 213.493 193.125 62.2288
      vertex 213.45 193.062 62.2288
    endloop
  endfacet
  facet normal 0.0694621 -0.706659 0.704136
    outer loop
      vertex 213.474 192.432 61.8509
      vertex 213.8 192.644 62.0315
      vertex 213.43 192.644 62.068
    endloop
  endfacet
  facet normal 0.0693317 -0.706557 0.704252
    outer loop
      vertex 213.474 192.432 61.8509
      vertex 213.8 192.369 61.7556
      vertex 213.8 192.644 62.0315
    endloop
  endfacet
  facet normal 0.0692555 -0.706718 0.704098
    outer loop
      vertex 213.8 192.369 61.7556
      vertex 213.474 192.432 61.8509
      vertex 213.312 192.369 61.8036
    endloop
  endfacet
  facet normal 0.0377594 -0.922608 0.383887
    outer loop
      vertex 213.312 192.219 61.4431
      vertex 213.8 192.369 61.7556
      vertex 213.312 192.369 61.8036
    endloop
  endfacet
  facet normal 0.0377594 -0.922608 0.383887
    outer loop
      vertex 213.8 192.369 61.7556
      vertex 213.312 192.219 61.4431
      vertex 213.8 192.219 61.3951
    endloop
  endfacet
  facet normal 0.0882848 -0.435439 0.895879
    outer loop
      vertex 213.525 192.687 62.0795
      vertex 213.8 192.644 62.0315
      vertex 213.8 192.687 62.0524
    endloop
  endfacet
  facet normal 0.0883993 -0.434956 0.896102
    outer loop
      vertex 213.8 192.644 62.0315
      vertex 213.525 192.687 62.0795
      vertex 213.43 192.644 62.068
    endloop
  endfacet
  facet normal 0.0967424 -0.147645 0.984298
    outer loop
      vertex 213.45 193.062 62.2288
      vertex 213.8 193.02 62.1881
      vertex 213.8 193.062 62.1944
    endloop
  endfacet
  facet normal 0.0968811 -0.146624 0.984437
    outer loop
      vertex 213.8 193.02 62.1881
      vertex 213.45 193.062 62.2288
      vertex 213.422 193.02 62.2253
    endloop
  endfacet
  facet normal 0.0914707 -0.375794 0.922178
    outer loop
      vertex 213.8 193.02 62.1881
      vertex 213.552 192.807 62.1259
      vertex 213.8 192.687 62.0524
    endloop
  endfacet
  facet normal 0.0907884 -0.375102 0.922527
    outer loop
      vertex 213.552 192.807 62.1259
      vertex 213.8 193.02 62.1881
      vertex 213.422 193.02 62.2253
    endloop
  endfacet
  facet normal 0.0908394 -0.376869 0.921802
    outer loop
      vertex 213.8 192.687 62.0524
      vertex 213.552 192.807 62.1259
      vertex 213.525 192.687 62.0795
    endloop
  endfacet
  facet normal 0.280741 -0.264056 0.922745
    outer loop
      vertex 213.238 193.062 62.2933
      vertex 213.422 193.02 62.2253
      vertex 213.45 193.062 62.2288
    endloop
  endfacet
  facet normal 0.281584 -0.261244 0.923289
    outer loop
      vertex 213.422 193.02 62.2253
      vertex 213.238 193.062 62.2933
      vertex 213.294 192.987 62.255
    endloop
  endfacet
  facet normal 0.281267 -0.25948 0.923883
    outer loop
      vertex 213.294 192.987 62.255
      vertex 213.552 192.807 62.1259
      vertex 213.422 193.02 62.2253
    endloop
  endfacet
  facet normal 0.280358 -0.260729 0.923807
    outer loop
      vertex 213.552 192.807 62.1259
      vertex 213.294 192.987 62.255
      vertex 213.236 192.807 62.2218
    endloop
  endfacet
  facet normal 0.284328 -0.194065 0.938881
    outer loop
      vertex 213.211 193.125 62.3142
      vertex 213.45 193.062 62.2288
      vertex 213.493 193.125 62.2288
    endloop
  endfacet
  facet normal 0.285817 -0.189159 0.939429
    outer loop
      vertex 213.45 193.062 62.2288
      vertex 213.211 193.125 62.3142
      vertex 213.238 193.062 62.2933
    endloop
  endfacet
  facet normal 0.266265 -0.399159 0.877368
    outer loop
      vertex 213.236 192.807 62.2218
      vertex 213.525 192.687 62.0795
      vertex 213.552 192.807 62.1259
    endloop
  endfacet
  facet normal 0.266192 -0.399289 0.877331
    outer loop
      vertex 213.525 192.687 62.0795
      vertex 213.236 192.807 62.2218
      vertex 213.056 192.687 62.2218
    endloop
  endfacet
  facet normal 0.290355 -0.0541996 0.955383
    outer loop
      vertex 213.226 193.2 62.3142
      vertex 213.493 193.125 62.2288
      vertex 213.507 193.2 62.2288
    endloop
  endfacet
  facet normal 0.289352 -0.0578704 0.955472
    outer loop
      vertex 213.493 193.125 62.2288
      vertex 213.226 193.2 62.3142
      vertex 213.211 193.125 62.3142
    endloop
  endfacet
  facet normal 0.115738 -0.917082 0.381531
    outer loop
      vertex 212.931 192.294 61.7389
      vertex 213.312 192.369 61.8036
      vertex 212.924 192.369 61.9213
    endloop
  endfacet
  facet normal 0.115802 -0.917017 0.381666
    outer loop
      vertex 213.312 192.219 61.4431
      vertex 212.931 192.294 61.7389
      vertex 212.843 192.219 61.5854
    endloop
  endfacet
  facet normal 0.115726 -0.917063 0.38158
    outer loop
      vertex 212.931 192.294 61.7389
      vertex 213.312 192.219 61.4431
      vertex 213.312 192.369 61.8036
    endloop
  endfacet
  facet normal 0.212456 -0.675981 0.705629
    outer loop
      vertex 213.43 192.644 62.068
      vertex 213.056 192.687 62.2218
      vertex 213.161 192.432 61.9459
    endloop
  endfacet
  facet normal 0.216091 -0.667884 0.712205
    outer loop
      vertex 213.056 192.687 62.2218
      vertex 213.43 192.644 62.068
      vertex 213.525 192.687 62.0795
    endloop
  endfacet
  facet normal 0.213776 -0.676912 0.704337
    outer loop
      vertex 213.474 192.432 61.8509
      vertex 213.43 192.644 62.068
      vertex 213.161 192.432 61.9459
    endloop
  endfacet
  facet normal 0.163604 -0.826054 0.539322
    outer loop
      vertex 213.312 192.369 61.8036
      vertex 213.161 192.432 61.9459
      vertex 212.924 192.369 61.9213
    endloop
  endfacet
  facet normal 0.163718 -0.825975 0.539409
    outer loop
      vertex 213.161 192.432 61.9459
      vertex 213.312 192.369 61.8036
      vertex 213.474 192.432 61.8509
    endloop
  endfacet
  facet normal 0.471825 0 0.881692
    outer loop
      vertex 212.967 203.2 62.4528
      vertex 213.226 193.2 62.3142
      vertex 213.226 203.2 62.3142
    endloop
  endfacet
  facet normal 0.471825 0 0.881692
    outer loop
      vertex 213.226 193.2 62.3142
      vertex 212.967 203.2 62.4528
      vertex 212.967 193.2 62.4528
    endloop
  endfacet
  facet normal 0.633145 0 0.774033
    outer loop
      vertex 212.739 203.2 62.6393
      vertex 212.967 193.2 62.4528
      vertex 212.967 203.2 62.4528
    endloop
  endfacet
  facet normal 0.633145 0 0.774033
    outer loop
      vertex 212.967 193.2 62.4528
      vertex 212.739 203.2 62.6393
      vertex 212.739 193.2 62.6393
    endloop
  endfacet
  facet normal -0.469738 -0.0939476 0.877793
    outer loop
      vertex 214.633 193.2 62.4528
      vertex 214.374 193.2 62.3142
      vertex 214.389 193.125 62.3142
    endloop
  endfacet
  facet normal -0.469502 -0.0947821 0.877829
    outer loop
      vertex 214.389 193.125 62.3142
      vertex 214.676 192.987 62.4528
      vertex 214.633 193.2 62.4528
    endloop
  endfacet
  facet normal -0.468187 -0.0909328 0.878938
    outer loop
      vertex 214.362 193.062 62.2933
      vertex 214.676 192.987 62.4528
      vertex 214.389 193.125 62.3142
    endloop
  endfacet
  facet normal -0.469191 -0.0978612 0.877658
    outer loop
      vertex 214.676 192.987 62.4528
      vertex 214.362 193.062 62.2933
      vertex 214.306 192.987 62.255
    endloop
  endfacet
  facet normal -0.471825 0 0.881692
    outer loop
      vertex 214.374 203.2 62.3142
      vertex 214.633 193.2 62.4528
      vertex 214.633 203.2 62.4528
    endloop
  endfacet
  facet normal -0.471825 0 0.881692
    outer loop
      vertex 214.633 193.2 62.4528
      vertex 214.374 203.2 62.3142
      vertex 214.374 193.2 62.3142
    endloop
  endfacet
  facet normal -0.384807 -0.577668 0.719877
    outer loop
      vertex 214.796 192.807 62.4528
      vertex 214.544 192.687 62.2218
      vertex 214.709 192.687 62.31
    endloop
  endfacet
  facet normal -0.384975 -0.577462 0.719953
    outer loop
      vertex 214.544 192.687 62.2218
      vertex 214.796 192.807 62.4528
      vertex 214.364 192.807 62.2218
    endloop
  endfacet
  facet normal -0.449838 -0.299892 0.841255
    outer loop
      vertex 214.676 192.987 62.4528
      vertex 214.364 192.807 62.2218
      vertex 214.796 192.807 62.4528
    endloop
  endfacet
  facet normal -0.449727 -0.300076 0.841249
    outer loop
      vertex 214.364 192.807 62.2218
      vertex 214.676 192.987 62.4528
      vertex 214.306 192.987 62.255
    endloop
  endfacet
  facet normal -0.184033 -0.920639 0.344319
    outer loop
      vertex 214.757 192.219 61.5854
      vertex 214.814 192.294 61.8164
      vertex 214.669 192.294 61.7389
    endloop
  endfacet
  facet normal -0.184123 -0.920615 0.344334
    outer loop
      vertex 214.814 192.294 61.8164
      vertex 214.757 192.219 61.5854
      vertex 215.189 192.219 61.8164
    endloop
  endfacet
  facet normal -0.376286 -0.602398 0.703936
    outer loop
      vertex 214.709 192.687 62.31
      vertex 214.544 192.687 62.2218
      vertex 214.639 192.612 62.2084
    endloop
  endfacet
  facet normal -0.375046 -0.606135 0.701385
    outer loop
      vertex 214.639 192.612 62.2084
      vertex 214.439 192.432 61.9459
      vertex 214.871 192.432 62.1769
    endloop
  endfacet
  facet normal -0.37774 -0.603875 0.701888
    outer loop
      vertex 214.439 192.432 61.9459
      vertex 214.639 192.612 62.2084
      vertex 214.544 192.687 62.2218
    endloop
  endfacet
  facet normal -0.201306 -0.904294 0.376468
    outer loop
      vertex 214.676 192.369 61.9213
      vertex 214.871 192.432 62.1769
      vertex 214.439 192.432 61.9459
    endloop
  endfacet
  facet normal -0.203578 -0.903177 0.377926
    outer loop
      vertex 214.676 192.369 61.9213
      vertex 214.814 192.294 61.8164
      vertex 214.871 192.432 62.1769
    endloop
  endfacet
  facet normal -0.202593 -0.902929 0.379045
    outer loop
      vertex 214.814 192.294 61.8164
      vertex 214.676 192.369 61.9213
      vertex 214.669 192.294 61.7389
    endloop
  endfacet
  facet normal -0.629896 -0.124205 0.766684
    outer loop
      vertex 214.861 193.2 62.6393
      vertex 214.676 192.987 62.4528
      vertex 214.903 192.987 62.6393
    endloop
  endfacet
  facet normal -0.628036 -0.126787 0.767786
    outer loop
      vertex 214.676 192.987 62.4528
      vertex 214.861 193.2 62.6393
      vertex 214.633 193.2 62.4528
    endloop
  endfacet
  facet normal -0.458978 -0.689601 0.56017
    outer loop
      vertex 214.871 192.432 62.1769
      vertex 214.98 192.612 62.4878
      vertex 214.639 192.612 62.2084
    endloop
  endfacet
  facet normal -0.459506 -0.689259 0.560157
    outer loop
      vertex 214.98 192.612 62.4878
      vertex 214.871 192.432 62.1769
      vertex 215.25 192.432 62.4878
    endloop
  endfacet
  facet normal -0.190768 -0.95384 0.231941
    outer loop
      vertex 215.189 192.219 61.8164
      vertex 215.192 192.294 62.1273
      vertex 214.814 192.294 61.8164
    endloop
  endfacet
  facet normal -0.190279 -0.953933 0.231958
    outer loop
      vertex 215.192 192.294 62.1273
      vertex 215.189 192.219 61.8164
      vertex 215.568 192.219 62.1273
    endloop
  endfacet
  facet normal -0.633145 0 0.774033
    outer loop
      vertex 214.633 203.2 62.4528
      vertex 214.861 193.2 62.6393
      vertex 214.861 203.2 62.6393
    endloop
  endfacet
  facet normal -0.633145 0 0.774033
    outer loop
      vertex 214.861 193.2 62.6393
      vertex 214.633 203.2 62.4528
      vertex 214.633 193.2 62.4528
    endloop
  endfacet
  facet normal -0.314238 -0.868627 0.383069
    outer loop
      vertex 214.871 192.432 62.1769
      vertex 215.192 192.294 62.1273
      vertex 215.25 192.432 62.4878
    endloop
  endfacet
  facet normal -0.314459 -0.868874 0.382327
    outer loop
      vertex 215.192 192.294 62.1273
      vertex 214.871 192.432 62.1769
      vertex 214.814 192.294 61.8164
    endloop
  endfacet
  facet normal -0.573451 -0.420747 0.702941
    outer loop
      vertex 214.709 192.687 62.31
      vertex 214.872 192.807 62.5148
      vertex 214.796 192.807 62.4528
    endloop
  endfacet
  facet normal -0.57648 -0.41661 0.702927
    outer loop
      vertex 214.872 192.807 62.5148
      vertex 214.709 192.687 62.31
      vertex 214.98 192.612 62.4878
    endloop
  endfacet
  facet normal -0.576587 -0.415142 0.703708
    outer loop
      vertex 214.98 192.612 62.4878
      vertex 214.709 192.687 62.31
      vertex 214.639 192.612 62.2084
    endloop
  endfacet
  facet normal -0.582514 -0.388343 0.71405
    outer loop
      vertex 214.822 192.882 62.5148
      vertex 214.676 192.987 62.4528
      vertex 214.796 192.807 62.4528
    endloop
  endfacet
  facet normal -0.583932 -0.39227 0.710738
    outer loop
      vertex 214.676 192.987 62.4528
      vertex 214.822 192.882 62.5148
      vertex 214.903 192.987 62.6393
    endloop
  endfacet
  facet normal -0.582514 -0.388343 0.71405
    outer loop
      vertex 214.872 192.807 62.5148
      vertex 214.822 192.882 62.5148
      vertex 214.796 192.807 62.4528
    endloop
  endfacet
  facet normal 0.384975 -0.577462 0.719953
    outer loop
      vertex 212.804 192.807 62.4528
      vertex 213.056 192.687 62.2218
      vertex 213.236 192.807 62.2218
    endloop
  endfacet
  facet normal 0.384807 -0.577668 0.719877
    outer loop
      vertex 213.056 192.687 62.2218
      vertex 212.804 192.807 62.4528
      vertex 212.891 192.687 62.31
    endloop
  endfacet
  facet normal 0.184123 -0.920615 0.344334
    outer loop
      vertex 212.843 192.219 61.5854
      vertex 212.786 192.294 61.8164
      vertex 212.411 192.219 61.8164
    endloop
  endfacet
  facet normal 0.184033 -0.920639 0.344319
    outer loop
      vertex 212.786 192.294 61.8164
      vertex 212.843 192.219 61.5854
      vertex 212.931 192.294 61.7389
    endloop
  endfacet
  facet normal 0.376286 -0.602398 0.703936
    outer loop
      vertex 213.056 192.687 62.2218
      vertex 212.891 192.687 62.31
      vertex 212.961 192.612 62.2084
    endloop
  endfacet
  facet normal 0.37774 -0.603875 0.701888
    outer loop
      vertex 212.961 192.612 62.2084
      vertex 213.161 192.432 61.9459
      vertex 213.056 192.687 62.2218
    endloop
  endfacet
  facet normal 0.375046 -0.606135 0.701385
    outer loop
      vertex 213.161 192.432 61.9459
      vertex 212.961 192.612 62.2084
      vertex 212.729 192.432 62.1769
    endloop
  endfacet
  facet normal 0.449727 -0.300076 0.841249
    outer loop
      vertex 212.924 192.987 62.4528
      vertex 213.236 192.807 62.2218
      vertex 213.294 192.987 62.255
    endloop
  endfacet
  facet normal 0.449838 -0.299892 0.841255
    outer loop
      vertex 213.236 192.807 62.2218
      vertex 212.924 192.987 62.4528
      vertex 212.804 192.807 62.4528
    endloop
  endfacet
  facet normal 0.469738 -0.0939476 0.877793
    outer loop
      vertex 213.226 193.2 62.3142
      vertex 212.967 193.2 62.4528
      vertex 213.211 193.125 62.3142
    endloop
  endfacet
  facet normal 0.469502 -0.0947821 0.877829
    outer loop
      vertex 212.924 192.987 62.4528
      vertex 213.211 193.125 62.3142
      vertex 212.967 193.2 62.4528
    endloop
  endfacet
  facet normal 0.468187 -0.0909328 0.878938
    outer loop
      vertex 213.211 193.125 62.3142
      vertex 212.924 192.987 62.4528
      vertex 213.238 193.062 62.2933
    endloop
  endfacet
  facet normal 0.469191 -0.0978612 0.877658
    outer loop
      vertex 213.238 193.062 62.2933
      vertex 212.924 192.987 62.4528
      vertex 213.294 192.987 62.255
    endloop
  endfacet
  facet normal 0.201306 -0.904294 0.376468
    outer loop
      vertex 212.729 192.432 62.1769
      vertex 212.924 192.369 61.9213
      vertex 213.161 192.432 61.9459
    endloop
  endfacet
  facet normal 0.203578 -0.903177 0.377926
    outer loop
      vertex 212.786 192.294 61.8164
      vertex 212.924 192.369 61.9213
      vertex 212.729 192.432 62.1769
    endloop
  endfacet
  facet normal 0.202593 -0.902929 0.379045
    outer loop
      vertex 212.924 192.369 61.9213
      vertex 212.786 192.294 61.8164
      vertex 212.931 192.294 61.7389
    endloop
  endfacet
  facet normal 0.582514 -0.388343 0.71405
    outer loop
      vertex 212.924 192.987 62.4528
      vertex 212.778 192.882 62.5148
      vertex 212.804 192.807 62.4528
    endloop
  endfacet
  facet normal 0.583932 -0.39227 0.710738
    outer loop
      vertex 212.778 192.882 62.5148
      vertex 212.924 192.987 62.4528
      vertex 212.697 192.987 62.6393
    endloop
  endfacet
  facet normal 0.582514 -0.388343 0.71405
    outer loop
      vertex 212.804 192.807 62.4528
      vertex 212.778 192.882 62.5148
      vertex 212.728 192.807 62.5148
    endloop
  endfacet
  facet normal 0.573451 -0.420747 0.702941
    outer loop
      vertex 212.728 192.807 62.5148
      vertex 212.891 192.687 62.31
      vertex 212.804 192.807 62.4528
    endloop
  endfacet
  facet normal 0.57648 -0.41661 0.702927
    outer loop
      vertex 212.62 192.612 62.4878
      vertex 212.891 192.687 62.31
      vertex 212.728 192.807 62.5148
    endloop
  endfacet
  facet normal 0.576587 -0.415142 0.703708
    outer loop
      vertex 212.891 192.687 62.31
      vertex 212.62 192.612 62.4878
      vertex 212.961 192.612 62.2084
    endloop
  endfacet
  facet normal 0.190279 -0.953933 0.231958
    outer loop
      vertex 212.411 192.219 61.8164
      vertex 212.408 192.294 62.1273
      vertex 212.032 192.219 62.1273
    endloop
  endfacet
  facet normal 0.190768 -0.95384 0.231941
    outer loop
      vertex 212.408 192.294 62.1273
      vertex 212.411 192.219 61.8164
      vertex 212.786 192.294 61.8164
    endloop
  endfacet
  facet normal 0.628036 -0.126787 0.767786
    outer loop
      vertex 212.739 193.2 62.6393
      vertex 212.924 192.987 62.4528
      vertex 212.967 193.2 62.4528
    endloop
  endfacet
  facet normal 0.629896 -0.124205 0.766684
    outer loop
      vertex 212.924 192.987 62.4528
      vertex 212.739 193.2 62.6393
      vertex 212.697 192.987 62.6393
    endloop
  endfacet
  facet normal 0.314238 -0.868627 0.383069
    outer loop
      vertex 212.408 192.294 62.1273
      vertex 212.729 192.432 62.1769
      vertex 212.35 192.432 62.4878
    endloop
  endfacet
  facet normal 0.314459 -0.868874 0.382327
    outer loop
      vertex 212.729 192.432 62.1769
      vertex 212.408 192.294 62.1273
      vertex 212.786 192.294 61.8164
    endloop
  endfacet
  facet normal 0.459506 -0.689259 0.560157
    outer loop
      vertex 212.729 192.432 62.1769
      vertex 212.62 192.612 62.4878
      vertex 212.35 192.432 62.4878
    endloop
  endfacet
  facet normal 0.458978 -0.689601 0.56017
    outer loop
      vertex 212.62 192.612 62.4878
      vertex 212.729 192.432 62.1769
      vertex 212.961 192.612 62.2084
    endloop
  endfacet
  facet normal 0.881429 -0 0.472316
    outer loop
      vertex 212.414 193.2 63.126
      vertex 212.553 203.2 62.8666
      vertex 212.414 203.2 63.126
    endloop
  endfacet
  facet normal 0.881429 0 0.472316
    outer loop
      vertex 212.553 203.2 62.8666
      vertex 212.414 193.2 63.126
      vertex 212.553 193.2 62.8666
    endloop
  endfacet
  facet normal 0.86829 -0.17202 0.465275
    outer loop
      vertex 212.351 192.882 63.126
      vertex 212.553 193.2 62.8666
      vertex 212.414 193.2 63.126
    endloop
  endfacet
  facet normal 0.86829 -0.17202 0.465275
    outer loop
      vertex 212.553 193.2 62.8666
      vertex 212.351 192.882 63.126
      vertex 212.49 192.882 62.8666
    endloop
  endfacet
  facet normal 0.194554 -0.975365 0.103984
    outer loop
      vertex 211.721 192.219 62.5062
      vertex 211.866 192.294 62.9384
      vertex 211.49 192.219 62.9384
    endloop
  endfacet
  facet normal 0.194554 -0.975365 0.103984
    outer loop
      vertex 211.866 192.294 62.9384
      vertex 211.721 192.219 62.5062
      vertex 212.097 192.294 62.5062
    endloop
  endfacet
  facet normal 0.759123 -0.508197 0.406778
    outer loop
      vertex 212.375 192.825 63.01
      vertex 212.49 192.882 62.8666
      vertex 212.351 192.882 63.126
    endloop
  endfacet
  facet normal 0.761314 -0.507543 0.403486
    outer loop
      vertex 212.309 192.612 62.8666
      vertex 212.375 192.825 63.01
      vertex 212.233 192.612 63.01
    endloop
  endfacet
  facet normal 0.75894 -0.508771 0.406403
    outer loop
      vertex 212.375 192.825 63.01
      vertex 212.309 192.612 62.8666
      vertex 212.49 192.882 62.8666
    endloop
  endfacet
  facet normal 0.53182 -0.79773 0.284244
    outer loop
      vertex 212.097 192.294 62.5062
      vertex 212.184 192.506 62.9384
      vertex 211.866 192.294 62.9384
    endloop
  endfacet
  facet normal 0.53445 -0.796392 0.283059
    outer loop
      vertex 212.184 192.506 62.9384
      vertex 212.097 192.294 62.5062
      vertex 212.243 192.432 62.6188
    endloop
  endfacet
  facet normal 0.528738 -0.800253 0.282898
    outer loop
      vertex 212.184 192.506 62.9384
      vertex 212.243 192.432 62.6188
      vertex 212.355 192.506 62.6188
    endloop
  endfacet
  facet normal 0.715436 -0.58684 0.379171
    outer loop
      vertex 212.184 192.506 62.9384
      vertex 212.309 192.612 62.8666
      vertex 212.233 192.612 63.01
    endloop
  endfacet
  facet normal 0.715477 -0.584422 0.382811
    outer loop
      vertex 212.309 192.612 62.8666
      vertex 212.184 192.506 62.9384
      vertex 212.355 192.506 62.6188
    endloop
  endfacet
  facet normal 0.806569 -0.537713 0.245583
    outer loop
      vertex 212.254 192.825 63.4074
      vertex 212.233 192.612 63.01
      vertex 212.375 192.825 63.01
    endloop
  endfacet
  facet normal 0.807479 -0.536632 0.244956
    outer loop
      vertex 212.042 192.506 63.4074
      vertex 212.233 192.612 63.01
      vertex 212.254 192.825 63.4074
    endloop
  endfacet
  facet normal 0.806802 -0.537958 0.244277
    outer loop
      vertex 212.233 192.612 63.01
      vertex 212.042 192.506 63.4074
      vertex 212.184 192.506 62.9384
    endloop
  endfacet
  facet normal 0.940517 -0.186329 0.284094
    outer loop
      vertex 212.329 193.2 63.4074
      vertex 212.351 192.882 63.126
      vertex 212.414 193.2 63.126
    endloop
  endfacet
  facet normal 0.939668 -0.187934 0.285841
    outer loop
      vertex 212.254 192.825 63.4074
      vertex 212.351 192.882 63.126
      vertex 212.329 193.2 63.4074
    endloop
  endfacet
  facet normal 0.939829 -0.18664 0.286158
    outer loop
      vertex 212.351 192.882 63.126
      vertex 212.254 192.825 63.4074
      vertex 212.375 192.825 63.01
    endloop
  endfacet
  facet normal 0.957282 -0 0.289158
    outer loop
      vertex 212.329 193.2 63.4074
      vertex 212.414 203.2 63.126
      vertex 212.329 203.2 63.4074
    endloop
  endfacet
  facet normal 0.957282 0 0.289158
    outer loop
      vertex 212.414 203.2 63.126
      vertex 212.329 193.2 63.4074
      vertex 212.414 193.2 63.126
    endloop
  endfacet
  facet normal 0.195771 -0.978857 0.059274
    outer loop
      vertex 211.49 192.219 62.9384
      vertex 211.723 192.294 63.4074
      vertex 211.348 192.219 63.4074
    endloop
  endfacet
  facet normal 0.195268 -0.978941 0.0595379
    outer loop
      vertex 211.723 192.294 63.4074
      vertex 211.49 192.219 62.9384
      vertex 211.866 192.294 62.9384
    endloop
  endfacet
  facet normal 0.545777 -0.82124 0.16641
    outer loop
      vertex 211.866 192.294 62.9384
      vertex 212.042 192.506 63.4074
      vertex 211.723 192.294 63.4074
    endloop
  endfacet
  facet normal 0.547039 -0.820558 0.165628
    outer loop
      vertex 212.042 192.506 63.4074
      vertex 211.866 192.294 62.9384
      vertex 212.184 192.506 62.9384
    endloop
  endfacet
  facet normal 0.765055 -0.150856 0.626046
    outer loop
      vertex 212.553 193.2 62.8666
      vertex 212.697 192.987 62.6393
      vertex 212.739 193.2 62.6393
    endloop
  endfacet
  facet normal 0.764653 -0.151488 0.626384
    outer loop
      vertex 212.49 192.882 62.8666
      vertex 212.697 192.987 62.6393
      vertex 212.553 193.2 62.8666
    endloop
  endfacet
  facet normal 0.764745 -0.152378 0.626056
    outer loop
      vertex 212.697 192.987 62.6393
      vertex 212.49 192.882 62.8666
      vertex 212.778 192.882 62.5148
    endloop
  endfacet
  facet normal 0.687675 -0.45845 0.562963
    outer loop
      vertex 212.49 192.882 62.8666
      vertex 212.728 192.807 62.5148
      vertex 212.778 192.882 62.5148
    endloop
  endfacet
  facet normal 0.686662 -0.460318 0.562676
    outer loop
      vertex 212.309 192.612 62.8666
      vertex 212.728 192.807 62.5148
      vertex 212.49 192.882 62.8666
    endloop
  endfacet
  facet normal 0.686859 -0.458496 0.563921
    outer loop
      vertex 212.728 192.807 62.5148
      vertex 212.309 192.612 62.8666
      vertex 212.62 192.612 62.4878
    endloop
  endfacet
  facet normal 0.193141 -0.968279 0.158529
    outer loop
      vertex 212.032 192.219 62.1273
      vertex 212.097 192.294 62.5062
      vertex 211.721 192.219 62.5062
    endloop
  endfacet
  facet normal 0.193141 -0.968279 0.158529
    outer loop
      vertex 212.097 192.294 62.5062
      vertex 212.032 192.219 62.1273
      vertex 212.408 192.294 62.1273
    endloop
  endfacet
  facet normal 0.773912 -0 0.633293
    outer loop
      vertex 212.553 193.2 62.8666
      vertex 212.739 203.2 62.6393
      vertex 212.553 203.2 62.8666
    endloop
  endfacet
  facet normal 0.773912 0 0.633293
    outer loop
      vertex 212.739 203.2 62.6393
      vertex 212.553 193.2 62.8666
      vertex 212.739 193.2 62.6393
    endloop
  endfacet
  facet normal 0.507651 -0.754041 0.416789
    outer loop
      vertex 212.355 192.506 62.6188
      vertex 212.62 192.612 62.4878
      vertex 212.309 192.612 62.8666
    endloop
  endfacet
  facet normal 0.506062 -0.759093 0.409485
    outer loop
      vertex 212.62 192.612 62.4878
      vertex 212.355 192.506 62.6188
      vertex 212.35 192.432 62.4878
    endloop
  endfacet
  facet normal 0.502654 -0.760773 0.410565
    outer loop
      vertex 212.243 192.432 62.6188
      vertex 212.35 192.432 62.4878
      vertex 212.355 192.506 62.6188
    endloop
  endfacet
  facet normal 0.464198 -0.800476 0.379154
    outer loop
      vertex 212.097 192.294 62.5062
      vertex 212.35 192.432 62.4878
      vertex 212.243 192.432 62.6188
    endloop
  endfacet
  facet normal 0.463963 -0.799822 0.380819
    outer loop
      vertex 212.35 192.432 62.4878
      vertex 212.097 192.294 62.5062
      vertex 212.408 192.294 62.1273
    endloop
  endfacet
  facet normal -0.773912 0 0.633293
    outer loop
      vertex 214.861 193.2 62.6393
      vertex 215.047 203.2 62.8666
      vertex 214.861 203.2 62.6393
    endloop
  endfacet
  facet normal -0.773912 0 0.633293
    outer loop
      vertex 215.047 203.2 62.8666
      vertex 214.861 193.2 62.6393
      vertex 215.047 193.2 62.8666
    endloop
  endfacet
  facet normal -0.193141 -0.968279 0.158529
    outer loop
      vertex 215.568 192.219 62.1273
      vertex 215.503 192.294 62.5062
      vertex 215.192 192.294 62.1273
    endloop
  endfacet
  facet normal -0.193141 -0.968279 0.158529
    outer loop
      vertex 215.503 192.294 62.5062
      vertex 215.568 192.219 62.1273
      vertex 215.879 192.219 62.5062
    endloop
  endfacet
  facet normal -0.464198 -0.800476 0.379154
    outer loop
      vertex 215.25 192.432 62.4878
      vertex 215.503 192.294 62.5062
      vertex 215.357 192.432 62.6188
    endloop
  endfacet
  facet normal -0.463963 -0.799822 0.380819
    outer loop
      vertex 215.503 192.294 62.5062
      vertex 215.25 192.432 62.4878
      vertex 215.192 192.294 62.1273
    endloop
  endfacet
  facet normal -0.686918 -0.457945 0.564296
    outer loop
      vertex 214.872 192.807 62.5148
      vertex 215.111 192.882 62.8666
      vertex 214.822 192.882 62.5148
    endloop
  endfacet
  facet normal -0.686859 -0.458496 0.563921
    outer loop
      vertex 215.291 192.612 62.8666
      vertex 214.872 192.807 62.5148
      vertex 214.98 192.612 62.4878
    endloop
  endfacet
  facet normal -0.686918 -0.457945 0.564296
    outer loop
      vertex 214.872 192.807 62.5148
      vertex 215.291 192.612 62.8666
      vertex 215.111 192.882 62.8666
    endloop
  endfacet
  facet normal -0.765055 -0.150856 0.626046
    outer loop
      vertex 214.903 192.987 62.6393
      vertex 215.047 193.2 62.8666
      vertex 214.861 193.2 62.6393
    endloop
  endfacet
  facet normal -0.763295 -0.153619 0.62752
    outer loop
      vertex 214.903 192.987 62.6393
      vertex 215.111 192.882 62.8666
      vertex 215.047 193.2 62.8666
    endloop
  endfacet
  facet normal -0.763403 -0.154683 0.627128
    outer loop
      vertex 215.111 192.882 62.8666
      vertex 214.903 192.987 62.6393
      vertex 214.822 192.882 62.5148
    endloop
  endfacet
  facet normal -0.507651 -0.754041 0.416789
    outer loop
      vertex 214.98 192.612 62.4878
      vertex 215.245 192.506 62.6188
      vertex 215.291 192.612 62.8666
    endloop
  endfacet
  facet normal -0.506062 -0.759093 0.409485
    outer loop
      vertex 215.25 192.432 62.4878
      vertex 215.245 192.506 62.6188
      vertex 214.98 192.612 62.4878
    endloop
  endfacet
  facet normal -0.502654 -0.760773 0.410565
    outer loop
      vertex 215.245 192.506 62.6188
      vertex 215.25 192.432 62.4878
      vertex 215.357 192.432 62.6188
    endloop
  endfacet
  facet normal -0.881429 0 0.472316
    outer loop
      vertex 215.047 193.2 62.8666
      vertex 215.186 203.2 63.126
      vertex 215.047 203.2 62.8666
    endloop
  endfacet
  facet normal -0.881429 0 0.472316
    outer loop
      vertex 215.186 203.2 63.126
      vertex 215.047 193.2 62.8666
      vertex 215.186 193.2 63.126
    endloop
  endfacet
  facet normal -0.86788 -0.174668 0.465055
    outer loop
      vertex 215.111 192.882 62.8666
      vertex 215.186 193.2 63.126
      vertex 215.047 193.2 62.8666
    endloop
  endfacet
  facet normal -0.869641 -0.172287 0.462646
    outer loop
      vertex 215.186 193.2 63.126
      vertex 215.111 192.882 62.8666
      vertex 215.249 192.882 63.126
    endloop
  endfacet
  facet normal -0.762328 -0.504362 0.405556
    outer loop
      vertex 215.111 192.882 62.8666
      vertex 215.225 192.825 63.01
      vertex 215.249 192.882 63.126
    endloop
  endfacet
  facet normal -0.761314 -0.507543 0.403486
    outer loop
      vertex 215.291 192.612 62.8666
      vertex 215.225 192.825 63.01
      vertex 215.111 192.882 62.8666
    endloop
  endfacet
  facet normal -0.761314 -0.507543 0.403486
    outer loop
      vertex 215.225 192.825 63.01
      vertex 215.291 192.612 62.8666
      vertex 215.367 192.612 63.01
    endloop
  endfacet
  facet normal -0.715477 -0.584422 0.382811
    outer loop
      vertex 215.416 192.506 62.9384
      vertex 215.291 192.612 62.8666
      vertex 215.245 192.506 62.6188
    endloop
  endfacet
  facet normal -0.715436 -0.58684 0.379171
    outer loop
      vertex 215.291 192.612 62.8666
      vertex 215.416 192.506 62.9384
      vertex 215.367 192.612 63.01
    endloop
  endfacet
  facet normal -0.528738 -0.800253 0.282898
    outer loop
      vertex 215.357 192.432 62.6188
      vertex 215.416 192.506 62.9384
      vertex 215.245 192.506 62.6188
    endloop
  endfacet
  facet normal -0.53445 -0.796392 0.283059
    outer loop
      vertex 215.503 192.294 62.5062
      vertex 215.416 192.506 62.9384
      vertex 215.357 192.432 62.6188
    endloop
  endfacet
  facet normal -0.53182 -0.79773 0.284244
    outer loop
      vertex 215.416 192.506 62.9384
      vertex 215.503 192.294 62.5062
      vertex 215.734 192.294 62.9384
    endloop
  endfacet
  facet normal -0.194554 -0.975365 0.103984
    outer loop
      vertex 215.879 192.219 62.5062
      vertex 215.734 192.294 62.9384
      vertex 215.503 192.294 62.5062
    endloop
  endfacet
  facet normal -0.194554 -0.975365 0.103984
    outer loop
      vertex 215.734 192.294 62.9384
      vertex 215.879 192.219 62.5062
      vertex 216.11 192.219 62.9384
    endloop
  endfacet
  facet normal -0.547039 -0.820558 0.165628
    outer loop
      vertex 215.734 192.294 62.9384
      vertex 215.558 192.506 63.4074
      vertex 215.416 192.506 62.9384
    endloop
  endfacet
  facet normal -0.545777 -0.82124 0.16641
    outer loop
      vertex 215.558 192.506 63.4074
      vertex 215.734 192.294 62.9384
      vertex 215.877 192.294 63.4074
    endloop
  endfacet
  facet normal -0.195268 -0.978941 0.0595379
    outer loop
      vertex 216.11 192.219 62.9384
      vertex 215.877 192.294 63.4074
      vertex 215.734 192.294 62.9384
    endloop
  endfacet
  facet normal -0.195771 -0.978857 0.059274
    outer loop
      vertex 215.877 192.294 63.4074
      vertex 216.11 192.219 62.9384
      vertex 216.252 192.219 63.4074
    endloop
  endfacet
  facet normal -0.957282 0 0.289158
    outer loop
      vertex 215.186 193.2 63.126
      vertex 215.271 203.2 63.4074
      vertex 215.186 203.2 63.126
    endloop
  endfacet
  facet normal -0.957282 0 0.289158
    outer loop
      vertex 215.271 203.2 63.4074
      vertex 215.186 193.2 63.126
      vertex 215.271 193.2 63.4074
    endloop
  endfacet
  facet normal -0.806569 -0.537713 0.245583
    outer loop
      vertex 215.367 192.612 63.01
      vertex 215.346 192.825 63.4074
      vertex 215.225 192.825 63.01
    endloop
  endfacet
  facet normal -0.806802 -0.537958 0.244277
    outer loop
      vertex 215.558 192.506 63.4074
      vertex 215.367 192.612 63.01
      vertex 215.416 192.506 62.9384
    endloop
  endfacet
  facet normal -0.807479 -0.536632 0.244956
    outer loop
      vertex 215.367 192.612 63.01
      vertex 215.558 192.506 63.4074
      vertex 215.346 192.825 63.4074
    endloop
  endfacet
  facet normal -0.940517 -0.186329 0.284094
    outer loop
      vertex 215.249 192.882 63.126
      vertex 215.271 193.2 63.4074
      vertex 215.186 193.2 63.126
    endloop
  endfacet
  facet normal -0.939668 -0.187934 0.285841
    outer loop
      vertex 215.249 192.882 63.126
      vertex 215.346 192.825 63.4074
      vertex 215.271 193.2 63.4074
    endloop
  endfacet
  facet normal -0.939829 -0.18664 0.286158
    outer loop
      vertex 215.346 192.825 63.4074
      vertex 215.249 192.882 63.126
      vertex 215.225 192.825 63.01
    endloop
  endfacet
  facet normal 0.995192 -0 0.0979479
    outer loop
      vertex 212.281 193.2 63.8951
      vertex 212.329 203.2 63.4074
      vertex 212.281 203.2 63.8951
    endloop
  endfacet
  facet normal 0.995192 0 0.0979479
    outer loop
      vertex 212.329 203.2 63.4074
      vertex 212.281 193.2 63.8951
      vertex 212.329 193.2 63.4074
    endloop
  endfacet
  facet normal -0.976046 -0.195209 0.0960635
    outer loop
      vertex 215.346 192.825 63.4074
      vertex 215.319 193.2 63.8951
      vertex 215.271 193.2 63.4074
    endloop
  endfacet
  facet normal -0.976046 -0.195209 0.0960635
    outer loop
      vertex 215.319 193.2 63.8951
      vertex 215.346 192.825 63.4074
      vertex 215.394 192.825 63.8951
    endloop
  endfacet
  facet normal -0.995192 0 0.0979479
    outer loop
      vertex 215.271 193.2 63.4074
      vertex 215.319 203.2 63.8951
      vertex 215.271 203.2 63.4074
    endloop
  endfacet
  facet normal -0.995192 0 0.0979479
    outer loop
      vertex 215.319 203.2 63.8951
      vertex 215.271 193.2 63.4074
      vertex 215.319 193.2 63.8951
    endloop
  endfacet
  facet normal -0.19608 -0.980398 0.0192984
    outer loop
      vertex 216.252 192.219 63.4074
      vertex 215.925 192.294 63.8951
      vertex 215.877 192.294 63.4074
    endloop
  endfacet
  facet normal -0.19608 -0.980398 0.0192984
    outer loop
      vertex 215.925 192.294 63.8951
      vertex 216.252 192.219 63.4074
      vertex 216.3 192.219 63.8951
    endloop
  endfacet
  facet normal -0.552675 -0.83162 0.0543949
    outer loop
      vertex 215.877 192.294 63.4074
      vertex 215.606 192.506 63.8951
      vertex 215.558 192.506 63.4074
    endloop
  endfacet
  facet normal -0.552675 -0.83162 0.0543949
    outer loop
      vertex 215.606 192.506 63.8951
      vertex 215.877 192.294 63.4074
      vertex 215.925 192.294 63.8951
    endloop
  endfacet
  facet normal -0.830069 -0.551644 0.0816963
    outer loop
      vertex 215.558 192.506 63.4074
      vertex 215.394 192.825 63.8951
      vertex 215.346 192.825 63.4074
    endloop
  endfacet
  facet normal -0.830069 -0.551644 0.0816963
    outer loop
      vertex 215.394 192.825 63.8951
      vertex 215.558 192.506 63.4074
      vertex 215.606 192.506 63.8951
    endloop
  endfacet
  facet normal 0.976046 -0.195209 0.0960635
    outer loop
      vertex 212.206 192.825 63.8951
      vertex 212.329 193.2 63.4074
      vertex 212.281 193.2 63.8951
    endloop
  endfacet
  facet normal 0.976046 -0.195209 0.0960635
    outer loop
      vertex 212.329 193.2 63.4074
      vertex 212.206 192.825 63.8951
      vertex 212.254 192.825 63.4074
    endloop
  endfacet
  facet normal 0.830069 -0.551644 0.0816963
    outer loop
      vertex 211.994 192.506 63.8951
      vertex 212.254 192.825 63.4074
      vertex 212.206 192.825 63.8951
    endloop
  endfacet
  facet normal 0.830069 -0.551644 0.0816963
    outer loop
      vertex 212.254 192.825 63.4074
      vertex 211.994 192.506 63.8951
      vertex 212.042 192.506 63.4074
    endloop
  endfacet
  facet normal 0.19608 -0.980398 0.0192984
    outer loop
      vertex 211.348 192.219 63.4074
      vertex 211.675 192.294 63.8951
      vertex 211.3 192.219 63.8951
    endloop
  endfacet
  facet normal 0.19608 -0.980398 0.0192984
    outer loop
      vertex 211.675 192.294 63.8951
      vertex 211.348 192.219 63.4074
      vertex 211.723 192.294 63.4074
    endloop
  endfacet
  facet normal 0.552675 -0.83162 0.0543949
    outer loop
      vertex 211.723 192.294 63.4074
      vertex 211.994 192.506 63.8951
      vertex 211.675 192.294 63.8951
    endloop
  endfacet
  facet normal 0.552675 -0.83162 0.0543949
    outer loop
      vertex 211.994 192.506 63.8951
      vertex 211.723 192.294 63.4074
      vertex 212.042 192.506 63.4074
    endloop
  endfacet
  facet normal -0 0 1
    outer loop
      vertex 202 187.219 30.9808
      vertex 202.195 181.142 30.9808
      vertex 202.195 187.258 30.9808
    endloop
  endfacet
  facet normal 0 0 1
    outer loop
      vertex 202 187.219 30.9808
      vertex 202 181.181 30.9808
      vertex 202.195 181.142 30.9808
    endloop
  endfacet
  facet normal -0 0 1
    outer loop
      vertex 199.3 187.219 30.9808
      vertex 202 181.181 30.9808
      vertex 202 187.219 30.9808
    endloop
  endfacet
  facet normal 0 0 1
    outer loop
      vertex 199.3 187.219 30.9808
      vertex 199.3 181.181 30.9808
      vertex 202 181.181 30.9808
    endloop
  endfacet
  facet normal 0 0 1
    outer loop
      vertex 199.105 187.258 30.9808
      vertex 199.3 181.181 30.9808
      vertex 199.3 187.219 30.9808
    endloop
  endfacet
  facet normal 0 0 1
    outer loop
      vertex 199.3 181.181 30.9808
      vertex 199.105 187.258 30.9808
      vertex 199.105 181.142 30.9808
    endloop
  endfacet
  facet normal 0.707107 -0 0.707107
    outer loop
      vertex 202.556 180.986 30.8315
      vertex 202.694 187.506 30.6935
      vertex 202.556 187.414 30.8315
    endloop
  endfacet
  facet normal 0.707107 -0 0.707107
    outer loop
      vertex 202.694 180.894 30.6935
      vertex 202.694 187.506 30.6935
      vertex 202.556 180.986 30.8315
    endloop
  endfacet
  facet normal 0.709418 0 0.704788
    outer loop
      vertex 202.694 187.506 30.6935
      vertex 202.694 180.894 30.6935
      vertex 202.831 187.713 30.5556
    endloop
  endfacet
  facet normal 0.709418 0 0.704788
    outer loop
      vertex 202.831 187.713 30.5556
      vertex 202.694 180.894 30.6935
      vertex 202.831 180.687 30.5556
    endloop
  endfacet
  facet normal 0.381058 0 0.924551
    outer loop
      vertex 202.375 187.294 30.9061
      vertex 202.556 180.986 30.8315
      vertex 202.556 187.414 30.8315
    endloop
  endfacet
  facet normal 0.381058 0 0.924551
    outer loop
      vertex 202.375 187.294 30.9061
      vertex 202.375 181.106 30.9061
      vertex 202.556 180.986 30.8315
    endloop
  endfacet
  facet normal 0.383303 0 0.923623
    outer loop
      vertex 202.195 187.258 30.9808
      vertex 202.375 181.106 30.9061
      vertex 202.375 187.294 30.9061
    endloop
  endfacet
  facet normal 0.383303 0 0.923623
    outer loop
      vertex 202.375 181.106 30.9061
      vertex 202.195 187.258 30.9808
      vertex 202.195 181.142 30.9808
    endloop
  endfacet
  facet normal -0.923304 0 0.38407
    outer loop
      vertex 198.394 187.825 30.3753
      vertex 198.469 180.687 30.5556
      vertex 198.469 187.713 30.5556
    endloop
  endfacet
  facet normal -0.923228 0 0.384252
    outer loop
      vertex 198.394 180.575 30.3753
      vertex 198.394 187.825 30.3753
      vertex 198.319 188.2 30.1951
    endloop
  endfacet
  facet normal -0.923304 0 0.38407
    outer loop
      vertex 198.394 187.825 30.3753
      vertex 198.394 180.575 30.3753
      vertex 198.469 180.687 30.5556
    endloop
  endfacet
  facet normal -0.923228 0 0.384252
    outer loop
      vertex 198.394 180.575 30.3753
      vertex 198.319 188.2 30.1951
      vertex 198.319 180.2 30.1951
    endloop
  endfacet
  facet normal -0.707107 0 0.707107
    outer loop
      vertex 198.606 187.506 30.6935
      vertex 198.744 180.986 30.8315
      vertex 198.744 187.414 30.8315
    endloop
  endfacet
  facet normal -0.709418 0 0.704788
    outer loop
      vertex 198.606 180.894 30.6935
      vertex 198.606 187.506 30.6935
      vertex 198.469 187.713 30.5556
    endloop
  endfacet
  facet normal -0.707107 0 0.707107
    outer loop
      vertex 198.606 187.506 30.6935
      vertex 198.606 180.894 30.6935
      vertex 198.744 180.986 30.8315
    endloop
  endfacet
  facet normal -0.709418 0 0.704788
    outer loop
      vertex 198.606 180.894 30.6935
      vertex 198.469 187.713 30.5556
      vertex 198.469 180.687 30.5556
    endloop
  endfacet
  facet normal 0.923304 -0 0.38407
    outer loop
      vertex 202.831 180.687 30.5556
      vertex 202.906 187.825 30.3753
      vertex 202.831 187.713 30.5556
    endloop
  endfacet
  facet normal 0.923304 -0 0.38407
    outer loop
      vertex 202.906 180.575 30.3753
      vertex 202.906 187.825 30.3753
      vertex 202.831 180.687 30.5556
    endloop
  endfacet
  facet normal 0.923228 0 0.384252
    outer loop
      vertex 202.906 187.825 30.3753
      vertex 202.906 180.575 30.3753
      vertex 202.981 188.2 30.1951
    endloop
  endfacet
  facet normal 0.923228 0 0.384252
    outer loop
      vertex 202.981 188.2 30.1951
      vertex 202.906 180.575 30.3753
      vertex 202.981 180.2 30.1951
    endloop
  endfacet
  facet normal -0.383303 0 0.923623
    outer loop
      vertex 198.925 187.294 30.9061
      vertex 199.105 181.142 30.9808
      vertex 199.105 187.258 30.9808
    endloop
  endfacet
  facet normal -0.383303 0 0.923623
    outer loop
      vertex 198.925 187.294 30.9061
      vertex 198.925 181.106 30.9061
      vertex 199.105 181.142 30.9808
    endloop
  endfacet
  facet normal -0.381058 0 0.924551
    outer loop
      vertex 198.744 187.414 30.8315
      vertex 198.925 181.106 30.9061
      vertex 198.925 187.294 30.9061
    endloop
  endfacet
  facet normal -0.381058 0 0.924551
    outer loop
      vertex 198.925 181.106 30.9061
      vertex 198.744 187.414 30.8315
      vertex 198.744 180.986 30.8315
    endloop
  endfacet
  facet normal 0.382712 0 0.923868
    outer loop
      vertex 45.1451 175.719 4.98078
      vertex 45.2658 172.631 4.93078
      vertex 45.2658 175.719 4.93078
    endloop
  endfacet
  facet normal 0.382712 0 0.923868
    outer loop
      vertex 45.2658 172.631 4.93078
      vertex 45.1451 175.719 4.98078
      vertex 45.1451 172.631 4.98078
    endloop
  endfacet
  facet normal -0 0 1
    outer loop
      vertex 53.3158 168.719 4.93078
      vertex 193.684 145.016 4.93078
      vertex 193.684 168.719 4.93078
    endloop
  endfacet
  facet normal 0 0 1
    outer loop
      vertex 193.684 145.016 4.93078
      vertex 53.3158 168.719 4.93078
      vertex 53.3158 145.016 4.93078
    endloop
  endfacet
  facet normal -0.381902 0 0.924203
    outer loop
      vertex 201.734 175.719 4.93078
      vertex 201.855 172.631 4.98078
      vertex 201.855 175.719 4.98078
    endloop
  endfacet
  facet normal -0.381902 0 0.924203
    outer loop
      vertex 201.855 172.631 4.98078
      vertex 201.734 175.719 4.93078
      vertex 201.734 172.631 4.93078
    endloop
  endfacet
  facet normal -1 0 0
    outer loop
      vertex 0 0 2.01922
      vertex 0 203.2 76.2
      vertex 0 203.2 2.01922
    endloop
  endfacet
  facet normal -1 -0 0
    outer loop
      vertex 0 203.2 76.2
      vertex 0 0 2.01922
      vertex 0 0 76.2
    endloop
  endfacet
  facet normal 0 0 1
    outer loop
      vertex 228.6 203.2 76.2
      vertex 221.619 192.219 76.2
      vertex 228.6 0 76.2
    endloop
  endfacet
  facet normal -0 0 1
    outer loop
      vertex 215.319 203.2 76.2
      vertex 221.619 192.219 76.2
      vertex 228.6 203.2 76.2
    endloop
  endfacet
  facet normal -0 0 1
    outer loop
      vertex 215.319 193.2 76.2
      vertex 221.619 192.219 76.2
      vertex 215.319 203.2 76.2
    endloop
  endfacet
  facet normal 0 0 1
    outer loop
      vertex 216.3 192.219 76.2
      vertex 215.319 193.2 76.2
      vertex 215.925 192.294 76.2
    endloop
  endfacet
  facet normal 0 0 1
    outer loop
      vertex 215.925 192.294 76.2
      vertex 215.319 193.2 76.2
      vertex 215.606 192.506 76.2
    endloop
  endfacet
  facet normal 0 0 1
    outer loop
      vertex 221.619 192.219 76.2
      vertex 215.319 193.2 76.2
      vertex 216.3 192.219 76.2
    endloop
  endfacet
  facet normal 0 0 1
    outer loop
      vertex 215.606 192.506 76.2
      vertex 215.319 193.2 76.2
      vertex 215.394 192.825 76.2
    endloop
  endfacet
  facet normal 0 0 1
    outer loop
      vertex 228.6 0 76.2
      vertex 221.619 192.219 76.2
      vertex 221.619 0 76.2
    endloop
  endfacet
  facet normal 0 0 1
    outer loop
      vertex 211.3 192.219 76.2
      vertex 212.281 193.2 76.2
      vertex 212.281 203.2 76.2
    endloop
  endfacet
  facet normal 0 0 1
    outer loop
      vertex 212.281 193.2 76.2
      vertex 211.3 192.219 76.2
      vertex 212.206 192.825 76.2
    endloop
  endfacet
  facet normal 0 0 1
    outer loop
      vertex 212.206 192.825 76.2
      vertex 211.3 192.219 76.2
      vertex 211.994 192.506 76.2
    endloop
  endfacet
  facet normal 0 0 1
    outer loop
      vertex 211.994 192.506 76.2
      vertex 211.3 192.219 76.2
      vertex 211.675 192.294 76.2
    endloop
  endfacet
  facet normal -0 0 1
    outer loop
      vertex 198.019 196.219 76.2
      vertex 211.3 192.219 76.2
      vertex 212.281 203.2 76.2
    endloop
  endfacet
  facet normal 0 0 1
    outer loop
      vertex 211.3 192.219 76.2
      vertex 198.019 196.219 76.2
      vertex 199.3 192.219 76.2
    endloop
  endfacet
  facet normal -0 0 1
    outer loop
      vertex 198.319 193.2 76.2
      vertex 199.3 192.219 76.2
      vertex 198.319 194.098 76.2
    endloop
  endfacet
  facet normal 0 0 1
    outer loop
      vertex 199.3 192.219 76.2
      vertex 198.319 193.2 76.2
      vertex 198.925 192.294 76.2
    endloop
  endfacet
  facet normal 0 0 1
    outer loop
      vertex 198.925 192.294 76.2
      vertex 198.319 193.2 76.2
      vertex 198.606 192.506 76.2
    endloop
  endfacet
  facet normal 0 0 1
    outer loop
      vertex 199.3 192.219 76.2
      vertex 198.019 196.219 76.2
      vertex 198.319 194.098 76.2
    endloop
  endfacet
  facet normal -0 0 1
    outer loop
      vertex 198.019 194.8 76.2
      vertex 198.319 194.098 76.2
      vertex 198.019 196.219 76.2
    endloop
  endfacet
  facet normal -0 -0 1
    outer loop
      vertex 198.094 194.425 76.2
      vertex 198.319 194.098 76.2
      vertex 198.019 194.8 76.2
    endloop
  endfacet
  facet normal -0 0 1
    outer loop
      vertex 0 203.2 76.2
      vertex 198.019 196.219 76.2
      vertex 212.281 203.2 76.2
    endloop
  endfacet
  facet normal 0 0 1
    outer loop
      vertex 198.019 196.219 76.2
      vertex 0 203.2 76.2
      vertex 6.98078 196.219 76.2
    endloop
  endfacet
  facet normal 0 0 1
    outer loop
      vertex 0 0 76.2
      vertex 6.98078 196.219 76.2
      vertex 0 203.2 76.2
    endloop
  endfacet
  facet normal 0 0 1
    outer loop
      vertex 6.98078 196.219 76.2
      vertex 0 0 76.2
      vertex 6.98078 0 76.2
    endloop
  endfacet
  facet normal 0 0 1
    outer loop
      vertex 198.606 192.506 76.2
      vertex 198.319 193.2 76.2
      vertex 198.394 192.825 76.2
    endloop
  endfacet
  facet normal 0 0 1
    outer loop
      vertex 198.319 194.098 76.2
      vertex 198.094 194.425 76.2
      vertex 198.306 194.106 76.2
    endloop
  endfacet
  facet normal 1 -0 0
    outer loop
      vertex 228.6 0 76.2
      vertex 228.6 203.2 2.01922
      vertex 228.6 203.2 76.2
    endloop
  endfacet
  facet normal 1 0 0
    outer loop
      vertex 228.6 203.2 2.01922
      vertex 228.6 0 76.2
      vertex 228.6 0 2.01922
    endloop
  endfacet
  facet normal 0 1 0
    outer loop
      vertex 228.6 203.2 76.2
      vertex 215.319 203.2 63.8951
      vertex 215.319 203.2 76.2
    endloop
  endfacet
  facet normal 0 1 0
    outer loop
      vertex 228.6 203.2 76.2
      vertex 215.271 203.2 63.4074
      vertex 215.319 203.2 63.8951
    endloop
  endfacet
  facet normal 0 1 0
    outer loop
      vertex 228.6 203.2 76.2
      vertex 215.186 203.2 63.126
      vertex 215.271 203.2 63.4074
    endloop
  endfacet
  facet normal 0 1 0
    outer loop
      vertex 228.6 203.2 76.2
      vertex 215.047 203.2 62.8666
      vertex 215.186 203.2 63.126
    endloop
  endfacet
  facet normal 0 1 -0
    outer loop
      vertex 228.6 203.2 2.01922
      vertex 215.047 203.2 62.8666
      vertex 228.6 203.2 76.2
    endloop
  endfacet
  facet normal 0 1 0
    outer loop
      vertex 214.093 203.2 62.2288
      vertex 228.6 203.2 2.01922
      vertex 213.8 203.2 62.2
    endloop
  endfacet
  facet normal 0 1 0
    outer loop
      vertex 214.374 203.2 62.3142
      vertex 228.6 203.2 2.01922
      vertex 214.093 203.2 62.2288
    endloop
  endfacet
  facet normal 0 1 0
    outer loop
      vertex 214.633 203.2 62.4528
      vertex 228.6 203.2 2.01922
      vertex 214.374 203.2 62.3142
    endloop
  endfacet
  facet normal 0 1 0
    outer loop
      vertex 214.861 203.2 62.6393
      vertex 228.6 203.2 2.01922
      vertex 214.633 203.2 62.4528
    endloop
  endfacet
  facet normal 0 1 0
    outer loop
      vertex 215.047 203.2 62.8666
      vertex 228.6 203.2 2.01922
      vertex 214.861 203.2 62.6393
    endloop
  endfacet
  facet normal 0 1 -0
    outer loop
      vertex 212.281 203.2 63.8951
      vertex 0 203.2 76.2
      vertex 212.281 203.2 76.2
    endloop
  endfacet
  facet normal 0 1 0
    outer loop
      vertex 212.329 203.2 63.4074
      vertex 0 203.2 76.2
      vertex 212.281 203.2 63.8951
    endloop
  endfacet
  facet normal 0 1 0
    outer loop
      vertex 0 203.2 2.01922
      vertex 212.329 203.2 63.4074
      vertex 212.414 203.2 63.126
    endloop
  endfacet
  facet normal 0 1 0
    outer loop
      vertex 0 203.2 2.01922
      vertex 212.414 203.2 63.126
      vertex 212.553 203.2 62.8666
    endloop
  endfacet
  facet normal 0 1 0
    outer loop
      vertex 228.6 203.2 2.01922
      vertex 212.553 203.2 62.8666
      vertex 212.739 203.2 62.6393
    endloop
  endfacet
  facet normal 0 1 0
    outer loop
      vertex 228.6 203.2 2.01922
      vertex 212.739 203.2 62.6393
      vertex 212.967 203.2 62.4528
    endloop
  endfacet
  facet normal 0 1 0
    outer loop
      vertex 228.6 203.2 2.01922
      vertex 212.967 203.2 62.4528
      vertex 213.226 203.2 62.3142
    endloop
  endfacet
  facet normal 0 1 0
    outer loop
      vertex 228.6 203.2 2.01922
      vertex 213.226 203.2 62.3142
      vertex 213.507 203.2 62.2288
    endloop
  endfacet
  facet normal 0 1 0
    outer loop
      vertex 228.6 203.2 2.01922
      vertex 213.507 203.2 62.2288
      vertex 213.8 203.2 62.2
    endloop
  endfacet
  facet normal 0 1 0
    outer loop
      vertex 212.553 203.2 62.8666
      vertex 228.6 203.2 2.01922
      vertex 0 203.2 2.01922
    endloop
  endfacet
  facet normal 0 1 0
    outer loop
      vertex 212.329 203.2 63.4074
      vertex 0 203.2 2.01922
      vertex 0 203.2 76.2
    endloop
  endfacet
  facet normal 0 0 -1
    outer loop
      vertex 224.1 3.51922 0
      vertex 225.081 4.5 0
      vertex 225.006 4.12467 0
    endloop
  endfacet
  facet normal -0 0 -1
    outer loop
      vertex 225.081 4.5 0
      vertex 224.1 3.51922 0
      vertex 225.081 198.7 0
    endloop
  endfacet
  facet normal 0 0 -1
    outer loop
      vertex 224.1 3.51922 0
      vertex 225.006 4.12467 0
      vertex 224.794 3.80648 0
    endloop
  endfacet
  facet normal 0 0 -1
    outer loop
      vertex 224.1 199.681 0
      vertex 225.081 198.7 0
      vertex 224.1 3.51922 0
    endloop
  endfacet
  facet normal 0 0 -1
    outer loop
      vertex 224.1 3.51922 0
      vertex 224.794 3.80648 0
      vertex 224.475 3.59387 0
    endloop
  endfacet
  facet normal 0 0 -1
    outer loop
      vertex 225.081 198.7 0
      vertex 224.1 199.681 0
      vertex 225.006 199.075 0
    endloop
  endfacet
  facet normal 0 0 -1
    outer loop
      vertex 225.006 199.075 0
      vertex 224.1 199.681 0
      vertex 224.794 199.394 0
    endloop
  endfacet
  facet normal 0 0 -1
    outer loop
      vertex 224.794 199.394 0
      vertex 224.1 199.681 0
      vertex 224.475 199.606 0
    endloop
  endfacet
  facet normal 0 0 -1
    outer loop
      vertex 4.5 3.51922 0
      vertex 224.1 199.681 0
      vertex 224.1 3.51922 0
    endloop
  endfacet
  facet normal 0 0 -1
    outer loop
      vertex 4.5 3.51922 0
      vertex 4.5 199.681 0
      vertex 224.1 199.681 0
    endloop
  endfacet
  facet normal 0 0 -1
    outer loop
      vertex 3.51922 4.5 0
      vertex 4.5 3.51922 0
      vertex 4.12467 3.59387 0
    endloop
  endfacet
  facet normal 0 0 -1
    outer loop
      vertex 4.5 3.51922 0
      vertex 3.51922 4.5 0
      vertex 4.5 199.681 0
    endloop
  endfacet
  facet normal 0 0 -1
    outer loop
      vertex 3.51922 4.5 0
      vertex 4.12467 3.59387 0
      vertex 3.80648 3.80648 0
    endloop
  endfacet
  facet normal 0 0 -1
    outer loop
      vertex 3.51922 198.7 0
      vertex 4.5 199.681 0
      vertex 3.51922 4.5 0
    endloop
  endfacet
  facet normal 0 0 -1
    outer loop
      vertex 3.51922 4.5 0
      vertex 3.80648 3.80648 0
      vertex 3.59387 4.12467 0
    endloop
  endfacet
  facet normal 0 0 -1
    outer loop
      vertex 4.5 199.681 0
      vertex 3.51922 198.7 0
      vertex 4.12467 199.606 0
    endloop
  endfacet
  facet normal 0 0 -1
    outer loop
      vertex 4.12467 199.606 0
      vertex 3.51922 198.7 0
      vertex 3.80648 199.394 0
    endloop
  endfacet
  facet normal 0 0 -1
    outer loop
      vertex 3.80648 199.394 0
      vertex 3.51922 198.7 0
      vertex 3.59387 199.075 0
    endloop
  endfacet
  facet normal 0 -1 0
    outer loop
      vertex 4.98078 0 72.2192
      vertex 6.98078 0 76.2
      vertex 0 0 76.2
    endloop
  endfacet
  facet normal 0 -1 -0
    outer loop
      vertex 6.98078 0 76.2
      vertex 4.98078 0 72.2192
      vertex 6.98078 0 73.0049
    endloop
  endfacet
  facet normal 0 -1 0
    outer loop
      vertex 6.19509 0 72.2192
      vertex 6.98078 0 73.0049
      vertex 4.98078 0 72.2192
    endloop
  endfacet
  facet normal 0 -1 0
    outer loop
      vertex 6.98078 0 73.0049
      vertex 6.19509 0 72.2192
      vertex 6.83147 0 72.6444
    endloop
  endfacet
  facet normal 0 -1 0
    outer loop
      vertex 0 0 76.2
      vertex 4.98078 0 11.3308
      vertex 4.98078 0 72.2192
    endloop
  endfacet
  facet normal 0 -1 -0
    outer loop
      vertex 4.98078 0 11.3308
      vertex 0 0 2.01922
      vertex 223.619 0 11.3308
    endloop
  endfacet
  facet normal 0 -1 0
    outer loop
      vertex 0 0 2.01922
      vertex 4.98078 0 11.3308
      vertex 0 0 76.2
    endloop
  endfacet
  facet normal 0 -1 0
    outer loop
      vertex 6.83147 0 72.6444
      vertex 6.19509 0 72.2192
      vertex 6.55557 0 72.3685
    endloop
  endfacet
  facet normal 0 -1 0
    outer loop
      vertex 223.619 0 72.2192
      vertex 221.619 0 76.2
      vertex 221.619 0 73.0049
    endloop
  endfacet
  facet normal 0 -1 0
    outer loop
      vertex 222.405 0 72.2192
      vertex 221.619 0 73.0049
      vertex 221.769 0 72.6444
    endloop
  endfacet
  facet normal 0 -1 0
    outer loop
      vertex 222.405 0 72.2192
      vertex 221.769 0 72.6444
      vertex 222.044 0 72.3685
    endloop
  endfacet
  facet normal 0 -1 0
    outer loop
      vertex 221.619 0 73.0049
      vertex 222.405 0 72.2192
      vertex 223.619 0 72.2192
    endloop
  endfacet
  facet normal 0 -1 0
    outer loop
      vertex 221.619 0 76.2
      vertex 223.619 0 72.2192
      vertex 228.6 0 76.2
    endloop
  endfacet
  facet normal 0 -1 0
    outer loop
      vertex 223.619 0 11.3308
      vertex 228.6 0 76.2
      vertex 223.619 0 72.2192
    endloop
  endfacet
  facet normal 0 -1 0
    outer loop
      vertex 223.619 0 11.3308
      vertex 228.6 0 2.01922
      vertex 228.6 0 76.2
    endloop
  endfacet
  facet normal 0 -1 0
    outer loop
      vertex 228.6 0 2.01922
      vertex 223.619 0 11.3308
      vertex 0 0 2.01922
    endloop
  endfacet
endsolid OpenSCAD_Model
